"WaderBirdID","ObsCatchNr.x","BirdId.x","FirstCode","Code.x","BillShape","BH"
"STW1",1,1,"RY-YTRA","RY-YTRA","PB",4.300000191
"STW2",1,2,"RY-YTRB","RY-YTRB","HB",5.900000095
"STW3",3,3,"RY-YTRH","RY-YTRH","H",6.300000191
"STW4",3,4,"RY-YTRE","RY-YTRE","H",6.199999809
"STW5",3,5,"RY-YTRJ","RY-YTRJ","P",3.599999905
"STW6",3,6,"RY-YTRK","RY-YTRK","P",3.700000048
"STW7",3,7,"RY-YTRL","RY-YTRL","P",4.099999905
"STW8",3,8,"RY-YTRN","RY-YTRN","P",3.099999905
"STW9",3,9,"RY-YTRP","RY-YTRP","P",3.900000095
"STW11",3,11,"RY-YTRC","RY-YTRC","P",4.099999905
"STW12",4,12,"RY-YQRL","RY-YQRL","PB",4.599999905
"STW13",4,13,"LY-RLWP","LY-RLWP","P",3.599999905
"STW14",4,14,"LY-RLWQ","LY-RLWQ","PB",4.199999809
"STW15",4,15,"LY-RLWS","LY-RLWS","PB",4.199999809
"STW16",4,16,"LY-RLWY","LY-RLWY","PB",4.900000095
"STW17",4,17,"RY-YQRA","RY-YQRA","B",5.699999809
"STW18",4,18,"RY-YQRB","RY-YQRB","P",3.299999952
"STW19",4,19,"RY-YQRC","RY-YQRC","PB",4.400000095
"STW20",4,20,"RY-YQRE","RY-YQRE","P",3.400000095
"STW21",4,21,"RY-YQRH","RY-YQRH","P",3.900000095
"STW22",4,22,"RY-YQRK","RY-YQRK","B",4.800000191
"STW23",4,23,"RY-YQRN","RY-YQRN","P",3.099999905
"STW24",4,24,"LG-RTWB","LG-RTWB","PB",4.800000191
"STW25",4,25,"LG-RTWA","LG-RTWA","P",3.299999952
"STW26",4,26,"LY-RLWN","LY-RLWN","PB",4.300000191
"STW27",4,27,"RY-YQRZ","RY-YQRZ","PB",4.400000095
"STW28",4,28,"LY-RLWT","LY-RLWT","PB",4.5
"STW29",4,29,"RY-YQRY","RY-YQRY","PB",4.699999809
"STW30",4,30,"RY-YQRT","RY-YQRT","B",5.300000191
"STW31",4,31,"RY-YQRS","RY-YQRS","P",3.599999905
"STW32",4,32,"RY-YQRQ","RY-YQRQ","PB",4.699999809
"STW33",4,33,"RY-YQRP","RY-YQRP","PB",4.699999809
"STW34",4,34,"RY-YQRJ","RY-YQRJ","P",3.299999952
"STW35",4,35,"LY-RLWA","LY-RLWA","B",5.199999809
"STW36",4,36,"LY-RLWL","LY-RLWL","P",3.799999952
"STW37",4,37,"LY-RLWZ","LY-RLWZ","PB",4.099999905
"STW38",4,38,"RY-YTRT","RY-YTRT","PB",4.5
"STW39",4,39,"RY-YTRZ","RY-YTRZ","PB",3.299999952
"STW40",4,40,"LY-RLWB","LY-RLWB","PB",4.699999809
"STW41",4,41,"LY-RLWC","LY-RLWC","B",5.300000191
"STW42",4,42,"RY-YTRS","RY-YTRS","PB",4.199999809
"STW43",4,43,"LY-RLWE","LY-RLWE","B",5
"STW44",4,44,"LY-RLWH","LY-RLWH","P",2.900000095
"STW45",4,45,"LY-RLWJ","LY-RLWJ","PB",5.099999905
"STW46",4,46,"LY-RLWK","LY-RLWK","B",5
"STW47",4,47,"RY-YTRY","RY-YTRY","PB",4.400000095
"STW53",5,53,"LB-RBWS","LB-RBWS","P",3.900000095
"STW55",5,55,"RB-YKRE","RB-YKRE","P",3.400000095
"STW59",5,59,"RB-YKRL","RB-YKRL","P",3.200000048
"STW60",5,60,"LY-RKWZ","LY-RKWZ","P",3.200000048
"STW64",5,64,"RB-YKRK","RB-YKRK","P",3
"STW70",5,70,"LY-RKWL","LY-RKWL","P",3.799999952
"STW71",5,71,"RB-YNRT","RB-YNRT","P",3.400000095
"STW72",5,72,"RB-YKRB","RB-YKRB","P",4
"STW76",5,76,"LY-RKWY","LY-RKWY","H",5.099999905
"STW77",5,77,"RB-YKRA","RB-YKRA","PB",4.300000191
"STW111",5,111,"LB-RCWQ","LB-RCWQ","P",3.200000048
"STW116",5,116,"RB-YNRL","RB-YNRL","P",3.799999952
"STW117",5,117,"LG-RTWY","LG-RTWY","P",3.599999905
"STW118",5,118,"LG-RTWZ","LG-RTWZ","P",3.700000048
"STW119",5,119,"RB-YNRA","RB-YNRA","B",5
"STW120",5,120,"RB-YNRB","RB-YNRB","P",3.799999952
"STW121",5,121,"RB-YNRC","RB-YNRC","P",3.799999952
"STW122",5,122,"RB-YNRE","RB-YNRE","P",3.799999952
"STW123",5,123,"RB-YNRH","RB-YNRH","PB",3.700000048
"STW124",5,124,"LG-RQWT","LG-RQWT","PB",3.599999905
"STW125",5,125,"RB-YNRK","RB-YNRK","PH",4.199999809
"STW126",5,126,"LG-RTWQ","LG-RTWQ","P",3.400000095
"STW127",5,127,"RB-YNRN","RB-YNRN","P",3.299999952
"STW128",5,128,"RB-YNRP","RB-YNRP","P",4
"STW129",5,129,"RB-YNRQ","RB-YNRQ","P",3.599999905
"STW130",5,130,"RB-YNRS","RB-YNRS","P",3.799999952
"STW131",5,131,"LG-RTWC","LG-RTWC","PB",3.700000048
"STW132",5,132,"LG-RQWP","LG-RQWP","P",2.900000095
"STW133",5,133,"LG-RQWQ","LG-RQWQ","P",3.400000095
"STW134",5,134,"LG-RQWS","LG-RQWS","P",3.5
"STW136",5,136,"LG-RQWN","LG-RQWN","PB",4.5
"STW137",5,137,"RB-YNRY","RB-YNRY","P",3.700000048
"STW138",5,138,"RB-YNRZ","RB-YNRZ","P",3.400000095
"STW139",5,139,"LG-RQWA","LG-RQWA","P",3.099999905
"STW140",5,140,"LG-RQWB","LG-RQWB","P",4
"STW142",5,142,"LG-RQWE","LG-RQWE","P",3.5
"STW144",5,144,"LG-RQWJ","LG-RQWJ","P",3.700000048
"STW145",5,145,"LG-RTWT","LG-RTWT","P",4
"STW146",5,146,"LG-RQWL","LG-RQWL","P",3.599999905
"STW147",5,147,"LG-RTWS","LG-RTWS","P",2.599999905
"STW148",5,148,"LG-RTWE","LG-RTWE","P",3.200000048
"STW149",5,149,"LG-RTWH","LG-RTWH","P",2.5
"STW150",5,150,"LG-RTWJ","LG-RTWJ","P",3.200000048
"STW151",5,151,"LG-RTWK","LG-RTWK","B",5.300000191
"STW152",5,152,"LG-RTWL","LG-RTWL","B",5.300000191
"STW153",5,153,"LG-RTWN","LG-RTWN","B",4.800000191
"STW154",5,154,"LG-RTWP","LG-RTWP","P",3.5
"STW155",5,155,"LG-RQWK","LG-RQWK","P",3.400000095
"STW161",5,161,"RY-YSRL","RY-YSRL","P",3.700000048
"STW166",5,166,"RY-YSRT","RY-YSRT","H",5.300000191
"STW168",5,168,"RY-YSRZ","RY-YSRZ","P",3.799999952
"STW174",5,174,"LG-RQWY","LG-RQWY","B",5
"STW175",5,175,"LG-RQWH","LG-RQWH","P",3.400000095
"STW176",5,176,"RY-YSRS","RY-YSRS","H",4.599999905
"STW177",5,177,"RB-YPRC","RB-YPRC","PB",4
"STW178",5,178,"LG-RQWZ","LG-RQWZ","PB",3.900000095
"STW179",5,179,"RB-YPRA","RB-YPRA","P",3.599999905
"STW180",5,180,"LB-RBWH","LB-RBWH","P",4.099999905
"STW181",5,181,"RY-YSRC","RY-YSRC","PB",4.400000095
"STW182",5,182,"RB-YPRB","RB-YPRB","PB",3.900000095
"STW183",5,183,"RB-YPRE","RB-YPRE","B",5.199999809
"STW187",5,187,"RB-YPRL","RB-YPRL","P",3
"STW188",5,188,"RB-YPRP","RB-YPRP","PB",4.400000095
"STW190",5,190,"RB-YPRS","RB-YPRS","H",5.400000095
"STW191",5,191,"RY-YSRB","RY-YSRB","P",3.799999952
"STW193",5,193,"RY-YSRA","RY-YSRA","PH",4.300000191
"STW194",5,194,"RB-YPRN","RB-YPRN","P",2.5
"STW195",5,195,"RB-YPRZ","RB-YPRZ","P",2.799999952
"STW196",5,196,"RB-YPRY","RB-YPRY","P",3.799999952
"STEX5332773",6,197,"LR-LGZB","LR-LGZB","HB",5.5
"STEX5332773",92,197,"LR-LGZB","LR-LGZB","B",5.199999809
"STEX5332780",6,199,"LR-RJYB","LR-RJYB","PB",4.300000191
"STEX5332779",6,200,"LR-RJYA","LR-RJYA","PB",3.799999952
"STEX5332779",92,200,"LR-RJYA","LR-RJYA","B",5
"STEX5332777",6,202,"LR-RHYB","LR-RHYB","B",4.5
"STEX5332776",6,203,"LR-RHYA","LR-RHYA","HB",5.300000191
"STEX5332770",6,204,"LR-LGSB","LR-LGSB","B",5.099999905
"STEX5332772",6,206,"LR-LGYB","LR-LGYB","PB",3.599999905
"STEX5332772",92,206,"LR-LGYB","LR-LGYB","PB",4.199999809
"STEX5332771",6,207,"LR-LGTB","LR-LGTB","P",3.299999952
"STEX5259392",6,209,"LR-RPYB","LR-RPYB","PB",3.900000095
"STEX5259392",92,209,"LR-RPYB","LR-RPYB","PB",4.599999905
"STEX5332768",6,210,"LR-LGPB","LR-LGPB","B",5.900000095
"STEX5332775",6,212,"LR-REYB","LR-REYB","P",3.5
"STEX5332792",6,213,"LR-RQYB","LR-RQYB","B",5
"STEX5332745",6,215,"LR-RGYB","LR-RGYB","B",4.599999905
"STEX5332767",6,216,"LR-LGZR","LR-LGZR","PB",4
"STEX5332650",6,217,"LR-RGBG","LR-RGBG","PB",3.900000095
"STEX5332676",6,218,"LR-RGTG","LR-RGTG","B",4.900000095
"STEX5332789",6,219,"LR-RLYC","LR-RLYC","P",3.200000048
"STEX5332793",6,220,"LR-RQYC","LR-RQYC","PB",4.300000191
"STEX5332783",92,221,"LR-RKYA","LR-RKYA","P",3.5
"STEX5332790",6,222,"LR-RLYE","LR-RLYE","PB",4.300000191
"STEX5332787",6,224,"LR-RLYA","LR-RLYA","PB",4.199999809
"STEX5332786",6,225,"LR-RKYE","LR-RKYE","B",5.099999905
"STEX5332785",6,226,"LR-RKYC","LR-RKYC","B",5.199999809
"STEX5332784",92,227,"LR-RKYB","LR-RKYB","PB",4.699999809
"STEX5227508",6,228,"LR-ROBY","LR-ROBY","P",3.900000095
"STEX5332748",6,230,"LR-LGQY","LR-LGQY","B",5.599999905
"STEX5332746",6,231,"LR-RGZB","LR-RGZB","PB",4.400000095
"STEX5332744",6,232,"LR-RGTB","LR-RGTB","PB",4
"STEX5332743",6,233,"LR-RGSB","LR-RGSB","B",4.900000095
"STEX5332741",6,234,"LR-RGQB","LR-RGQB","HB",4.699999809
"STEX5332747",6,235,"LR-LGZG","LR-LGZG","B",5
"STEX5332747",92,235,"LR-LGZG","LR-LGZG","B",5.199999809
"STEX5332737",6,238,"LR-RGKB","LR-RGKB","H",5.400000095
"STEX5332736",6,239,"LR-RGJB","LR-RGJB","H",6.400000095
"STEX5332736",389,239,"LR-RGJB","LR-RGJB","B",5.5
"STEX5226053",6,240,"LR-RGHB","LR-RGHB","B",4.400000095
"STEX5332734",6,241,"LR-RGEB","LR-RGEB","H",5.300000191
"STEX5332733",6,242,"LR-RGCB","LR-RGCB","H",5.099999905
"STEX5332711",6,243,"LR-LRPY","LR-LRPY","B",4.699999809
"STEX5332711",92,243,"LR-LRPY","LR-LRPY","B",5.300000191
"STEX5332740",6,244,"LR-RGPB","LR-RGPB","B",5.5
"STEX5332740",92,244,"LR-RGPB","LR-RGPB","B",6
"STEX5332757",6,245,"LR-LGHR","LR-LGHR","B",5.099999905
"STEX5332765",6,246,"LR-LGTR","LR-LGTR","B",5.5
"STEX5332765",92,246,"LR-LGTR","LR-LGTR","B",5.599999905
"STEX5332764",6,247,"LR-LGSR","LR-LGSR","HB",5.800000191
"STEX5332764",92,247,"LR-LGSR","LR-LGSR","B",5.599999905
"STEX5332763",6,248,"LR-LGQR","LR-LGQR","B",4.800000191
"STEX5332762",6,249,"LR-LGPR","LR-LGPR","B",5
"STEX5332761",6,250,"LR-LGNR","LR-LGNR","P",2.900000095
"STEX5332760",6,251,"LR-LGLR","LR-LGLR","B",4.599999905
"STEX5332749",6,252,"LR-LGSY","LR-LGSY","B",4.900000095
"STEX5332758",6,253,"LR-LGJR","LR-LGJR","B",4
"STEX5332750",6,254,"LR-LGTY","LR-LGTY","B",5
"STEX5332750",92,254,"LR-LGTY","LR-LGTY","B",5.300000191
"STEX5332756",6,255,"LR-LGER","LR-LGER","B",5.599999905
"STEX5332755",6,256,"LR-LGCR","LR-LGCR","B",5.5
"STEX5332754",6,257,"LR-LGBR","LR-LGBR","HB",4.900000095
"STEX5332754",92,257,"LR-LGBR","LR-LGBR","PB",4.5
"STEX5332753",6,258,"LR-LGAR","LR-LGAR","B",4.599999905
"STEX5332752",6,259,"LR-LGZY","LR-LGZY","B",5.699999809
"STEX5332759",6,261,"LR-LGKR","LR-LGKR","B",5.199999809
"STEX5332759",92,261,"LR-LGKR","LR-LGKR","B",5.5
"STEX5227536",6,262,"LR-LRCW","LR-LRCW","B",4.099999905
"STEX5161472",6,263,"LR-WTWY","LR-WTWY","PB",4.5
"STEX5259433",6,264,"LR-LRAG","LR-LRAG","P",3.900000095
"STEX5332683",92,265,"LR-RRPY","LR-RRPY","B",5.199999809
"STEX5259399",6,267,"LR-LRSY","LR-LRSY","P",3.5
"STEX5259399",389,267,"LR-LRSY","LR-LRSY","P",3.099999905
"STW268",7,268,"LY-RJWE","LY-RJWE","PB",4.800000191
"STW269",7,269,"LY-RJWY","LY-RJWY","PB",4.699999809
"STW270",7,270,"LY-RJWT","LY-RJWT","PB",4.300000191
"STW272",7,272,"LY-RJWQ","LY-RJWQ","B",5.199999809
"STW273",7,273,"LY-RJWP","LY-RJWP","P",3.700000048
"STW274",7,274,"LY-RJWN","LY-RJWN","PB",4.199999809
"STW275",7,275,"LY-RJWL","LY-RJWL","PB",4.800000191
"STW278",7,278,"LY-RJWH","LY-RJWH","P",4.099999905
"STW280",7,280,"LY-RJWC","LY-RJWC","B",5.400000095
"STW281",7,281,"LY-RJWB","LY-RJWB","P",3.099999905
"STW282",7,282,"LY-RJWJ","LY-RJWJ","PB",5.099999905
"STW283",7,283,"LY-RNWL","LY-RNWL","PB",4.400000095
"STW284",7,284,"LY-RNWZ","LY-RNWZ","P",4.300000191
"STW287",7,287,"LY-RNWS","LY-RNWS","HB",5
"STW289",7,289,"LY-RNWC","LY-RNWC","PB",4.599999905
"STW291",7,291,"LY-RNWA","LY-RNWA","B",5.199999809
"STW292",7,292,"LY-RNWK","LY-RNWK","P",4.099999905
"STW294",7,294,"LY-RPWY","LY-RPWY","PB",4.199999809
"STW295",7,295,"LY-RNWE","LY-RNWE","P",4
"STW298",7,298,"LY-RNWP","LY-RNWP","PB",4.300000191
"STW299",7,299,"RB-YJRC","RB-YJRC","PB",4.099999905
"STW300",7,300,"RB-YJRQ","RB-YJRQ","B",5
"STW301",7,301,"LY-RPWT","LY-RPWT","PB",4.599999905
"STW302",7,302,"RB-YJRN","RB-YJRN","P",3
"STW304",7,304,"RB-YJRK","RB-YJRK","PB",4.800000191
"STW305",7,305,"RB-YJRJ","RB-YJRJ","PB",4.099999905
"STW307",7,307,"RB-YJRE","RB-YJRE","PB",4.300000191
"STW308",7,308,"RB-YJRP","RB-YJRP","PB",4.900000095
"STW309",7,309,"RB-YJRB","RB-YJRB","PB",4.699999809
"STW310",7,310,"RB-YJRA","RB-YJRA","P",3.900000095
"STW311",7,311,"LB-RCWZ","LB-RCWZ","B",5.300000191
"STW312",7,312,"LB-RCWY","LB-RCWY","PB",4.300000191
"STW313",7,313,"LB-RCWT","LB-RCWT","B",5.400000095
"STW314",7,314,"LB-RCWS","LB-RCWS","B",4.900000095
"STW315",7,315,"RB-YJRH","RB-YJRH","PB",4.699999809
"STW317",7,317,"LY-RPWS","LY-RPWS","PB",4.599999905
"STW318",7,318,"RB-YJRL","RB-YJRL","B",5.400000095
"STW319",7,319,"LY-RPWP","LY-RPWP","PB",4.599999905
"STW320",7,320,"RB-YJRT","RB-YJRT","B",5.599999905
"STW321",7,321,"LY-RPWL","LY-RPWL","PB",4.5
"STW322",7,322,"LY-RPWK","LY-RPWK","P",4.300000191
"STW326",7,326,"LY-RPWC","LY-RPWC","PB",4.599999905
"STW327",7,327,"LY-RPWB","LY-RPWB","PB",4.099999905
"STW328",7,328,"LY-RPWA","LY-RPWA","PB",4.800000191
"STW330",7,330,"LY-RPWH","LY-RPWH","P",3.799999952
"STW333",8,333,"RY-GAWT","RY-GAWT","B",5.199999809
"STW335",8,335,"RY-GAWZ","RY-GAWZ","PB",4.599999905
"STW336",8,336,"RB-YLRA","RB-YLRA","B",5.300000191
"STW339",8,339,"RY-GAWQ","RY-GAWQ","B",5.5
"STW340",8,340,"RB-YLRH","RB-YLRH","PB",4.400000095
"STW341",8,341,"RY-GAWA","RY-GAWA","H",5.5
"STW344",8,344,"RY-GAWC","RY-GAWC","PB",4.400000095
"STW345",8,345,"RY-GAWE","RY-GAWE","PB",4.5
"STW346",8,346,"RY-GAWH","RY-GAWH","P",3.099999905
"STW347",8,347,"RY-GAWJ","RY-GAWJ","PB",4.5
"STW348",8,348,"RY-GAWK","RY-GAWK","PB",4
"STW349",8,349,"RY-GAWL","RY-GAWL","P",3.599999905
"STW351",8,351,"RB-YLRE","RB-YLRE","PB",3.900000095
"STW371",9,371,"LG-RSWT","LG-RSWT","H",5.800000191
"STW372",9,372,"LG-RSWB","LG-RSWB","B",4.900000095
"STW375",9,375,"LG-RSWH","LG-RSWH","B",5.199999809
"STW377",9,377,"LG-RSWK","LG-RSWK","B",5
"STW378",9,378,"LG-RSWL","LG-RSWL","PB",5
"STW379",9,379,"LG-RSWN","LG-RSWN","B",5.400000095
"STW384",9,384,"LG-RSWY","LG-RSWY","PB",4.300000191
"STW385",9,385,"LG-RSWZ","LG-RSWZ","P",3.200000048
"STW393",9,393,"LG-RSWQ","LG-RSWQ","B",5.800000191
"STW412",9,412,"LG-RSWA","LG-RSWA","B",5.199999809
"STW413",9,413,"RG-GKWZ","RG-GKWZ","PB",4.599999905
"STW437",9,437,"RG-GKWK","RG-GKWK","B",5.699999809
"STW438",9,438,"RY-GCWZ","RY-GCWZ","PB",4.699999809
"STW439",9,439,"RY-GEWT","RY-GEWT","B",5.300000191
"STW441",9,441,"RY-GEWZ","RY-GEWZ","B",5.099999905
"STW442",9,442,"RG-GKWA","RG-GKWA","B",5.099999905
"STW443",9,443,"RG-GKWB","RG-GKWB","B",5
"STW444",9,444,"RG-GKWC","RG-GKWC","PB",5.099999905
"STW445",9,445,"RG-GKWE","RG-GKWE","PB",4.5
"STW446",9,446,"RY-GEWQ","RY-GEWQ","B",5.699999809
"STW447",9,447,"RG-GKWJ","RG-GKWJ","PB",4.199999809
"STW448",9,448,"RY-GEWP","RY-GEWP","B",5.099999905
"STW450",9,450,"RG-GKWN","RG-GKWN","PB",4.800000191
"STW451",9,451,"RG-GKWP","RG-GKWP","PB",4.199999809
"STW451",387,451,"RG-GKWP","RG-GKWP","B",5.599999905
"STW452",9,452,"RG-GKWQ","RG-GKWQ","B",5.400000095
"STW453",9,453,"RG-GKWS","RG-GKWS","PB",4.400000095
"STW454",9,454,"RG-GKWT","RG-GKWT","B",5.099999905
"STW455",9,455,"RG-GLWB","RG-GLWB","PB",4.199999809
"STW456",9,456,"RG-GLWA","RG-GLWA","P",3.900000095
"STW458",9,458,"RY-GEWA","RY-GEWA","B",5.5
"STW459",9,459,"RB-YLRJ","RB-YLRJ","P",2.900000095
"STW460",9,460,"RB-YLRK","RB-YLRK","B",4.900000095
"STW461",9,461,"RB-YLRL","RB-YLRL","PB",4.699999809
"STW462",9,462,"RB-YLRN","RB-YLRN","P",3.400000095
"STW463",9,463,"RB-YLRP","RB-YLRP","B",4.900000095
"STW464",9,464,"RB-YLRQ","RB-YLRQ","H",6.199999809
"STW465",9,465,"RB-YLRS","RB-YLRS","B",4.900000095
"STW466",9,466,"RB-YLRT","RB-YLRT","PB",4.400000095
"STW467",9,467,"RY-GEWS","RY-GEWS","B",4.800000191
"STW468",9,468,"RB-YLRZ","RB-YLRZ","B",5
"STW469",9,469,"RG-GLWC","RG-GLWC","PH",4.5
"STW470",9,470,"RY-GEWB","RY-GEWB","PB",4.599999905
"STW471",9,471,"RY-GEWC","RY-GEWC","P",3.599999905
"STW472",9,472,"RY-GEWE","RY-GEWE","PB",4
"STW476",9,476,"RY-GEWL","RY-GEWL","PB",4.599999905
"STW477",9,477,"RY-GEWN","RY-GEWN","H",5.699999809
"STW478",9,478,"RB-YLRY","RB-YLRY","PB",4.5
"STW479",9,479,"RY-GCWJ","RY-GCWJ","B",5.300000191
"STW480",9,480,"RY-GHWQ","RY-GHWQ","PB",4.800000191
"STW481",9,481,"RG-GKWY","RG-GKWY","PB",4.300000191
"STW482",9,482,"RY-GHWT","RY-GHWT","P",3.900000095
"STW483",9,483,"RY-GHWY","RY-GHWY","P",3.5
"STW485",9,485,"RY-GCWA","RY-GCWA","PB",5.099999905
"STW486",9,486,"RY-GCWB","RY-GCWB","PB",4.699999809
"STW488",9,488,"RG-GLWE","RG-GLWE","P",3.900000095
"STW489",9,489,"RY-GCWH","RY-GCWH","PB",5
"STW490",9,490,"RY-GHWP","RY-GHWP","PB",4.800000191
"STW491",9,491,"RY-GCWK","RY-GCWK","HB",5.699999809
"STW492",9,492,"RY-GCWL","RY-GCWL","B",5.300000191
"STW495",9,495,"RY-GCWQ","RY-GCWQ","B",5.300000191
"STW496",9,496,"RY-GCWS","RY-GCWS","PB",4.599999905
"STW497",9,497,"RY-GCWT","RY-GCWT","B",5.199999809
"STW498",9,498,"RY-GCWY","RY-GCWY","B",5.800000191
"STW499",9,499,"RY-GCWE","RY-GCWE","PB",4.300000191
"STW500",9,500,"RG-GLWY","RG-GLWY","B",5.099999905
"STW501",9,501,"RG-GLWH","RG-GLWH","B",5.099999905
"STW503",9,503,"RG-GLWK","RG-GLWK","B",5.099999905
"STW504",9,504,"RG-GLWL","RG-GLWL","P",4.099999905
"STW505",9,505,"RG-GLWN","RG-GLWN","B",5.199999809
"STW506",9,506,"RG-GLWP","RG-GLWP","PB",5.099999905
"STW507",9,507,"RG-GLWQ","RG-GLWQ","PB",5
"STW509",9,509,"RG-GLWT","RG-GLWT","B",5.199999809
"STW511",9,511,"RG-GLWZ","RG-GLWZ","PB",4.599999905
"STW512",9,512,"RY-GHWA","RY-GHWA","PB",4.099999905
"STW513",9,513,"RY-GHWB","RY-GHWB","P",3.900000095
"STW514",9,514,"RY-GHWC","RY-GHWC","PB",4.300000191
"STW515",9,515,"RY-GHWE","RY-GHWE","B",4.900000095
"STW516",9,516,"RY-GHWH","RY-GHWH","B",5.099999905
"STW520",9,520,"RG-GLWS","RG-GLWS","P",4.300000191
"STW521",10,521,"RG-GJWQ","RG-GJWQ","PB",4.800000191
"STW522",10,522,"RG-GJWP","RG-GJWP","P",4.300000191
"STEX5332601",92,567,"LR-RGBR","LR-RGBR","B",5.300000191
"STEX5332622",92,568,"LR-RGSR","LR-RGSR","P",3.700000048
"STEX5332616",389,574,"LR-RGNR","LR-RGNR","PH",4.599999905
"STEX5332613",92,576,"LR-RGLR","LR-RGLR","B",5.800000191
"STEX5332625",389,577,"LR-RRTG","LR-RRTG","PB",4.800000191
"STEX5332611",92,578,"LR-RGKR","LR-RGKR","H",5.199999809
"STEX5332609",92,580,"LR-RRYB","LR-RRYB","B",5.099999905
"STEX5332608",92,581,"LR-RRTB","LR-RRTB","P",5.599999905
"STEX5332614",389,587,"LR-RRCG","LR-RRCG","PB",5
"STEX5332645",92,589,"LR-LRHR","LR-LRHR","B",5.099999905
"STEX5332643",92,591,"LR-LRER","LR-LRER","B",5.599999905
"STEX5332642",92,592,"LR-LGKY","LR-LGKY","PB",4.199999809
"STEX5332636",389,597,"LR-LRAR","LR-LRAR","PB",5.099999905
"STEX5332637",389,607,"LR-LGEY","LR-LGEY","B",5.599999905
"STEX5154014",389,610,"LR-RGHR","LR-RGHR","PB",4.099999905
"STEX5332648",92,624,"LR-RRCR","LR-RRCR","PB",4
"STEX5332660",92,627,"LR-RRKR","LR-RRKR","B",5.5
"STEX5332659",92,628,"LR-RRJR","LR-RRJR","HB",6
"STEX5332656",92,631,"LR-RGCG","LR-RGCG","B",5.699999809
"STEX5332690",92,640,"LR-RRZY","LR-RRZY","B",5.099999905
"STEX5332673",389,647,"LR-RRYR","LR-RRYR","PB",4.699999809
"STEX5332680",92,650,"LR-RRCY","LR-RRCY","B",5.5
"STEX5332679",389,651,"LR-RGZG","LR-RGZG","B",5.599999905
"STEX5332677",92,653,"LR-RRBY","LR-RRBY","B",5.099999905
"STEX5332707",92,657,"LR-RGYY","LR-RGYY","H",6.199999809
"STEX5332716",92,660,"LR-LGEG","LR-LGEG","PB",4.099999905
"STEX5332715",92,661,"LR-LGCB","LR-LGCB","P",4
"STEX5332710",389,665,"LR-LRNY","LR-LRNY","B",5.599999905
"STEX5332706",92,669,"LR-LREY","LR-LREY","B",5.900000095
"STEX5332703",92,670,"LR-RGSY","LR-RGSY","P",4.099999905
"STEX5202350",92,680,"LR-ROCR","LR-ROCR","B",5.400000095
"STEX5259388",92,682,"LR-RCYC","LR-RCYC","PB",4.800000191
"STEX5332732",92,685,"LR-LGYG","LR-LGYG","PB",4.900000095
"STEX5332730",92,687,"LR-LGSG","LR-LGSG","B",5.099999905
"STEX5332723",92,694,"LR-LGKG","LR-LGKG","B",5.400000095
"STEX5332722",92,695,"LR-LGKB","LR-LGKB","P",3.900000095
"STEX5227525",283,696,"LR-ROJR","LR-ROJR","H",5
"STEX5227525",389,696,"LR-ROJR","LR-ROJR","H",6.300000191
"STW709",66902260,709,"RG-YERA","BLB-O0G1","P",2.200000048
"STEX5332839",92,716,"LR-GBWB","LR-GBWB","PB",4.699999809
"STEX5332848",92,717,"LR-GBWS","LR-GBWS","B",5.199999809
"STEX5332842",92,718,"LR-GBWH","LR-GBWH","PB",4.800000191
"STEX5332849",92,719,"LR-GBWJ","LR-GBWJ","B",5.300000191
"STEX5332840",92,721,"LR-GBWE","LR-GBWE","B",6
"STEX5332834",92,722,"LR-GAWQ","LR-GAWQ","HB",6
"STEX5332834",396,722,"LR-GAWQ","LR-GAWQ","PB",4.400000095
"STEX5332832",92,723,"LR-GAWN","LR-GAWN","PB",4.699999809
"STEX5192488",92,724,"LR-GAWB","LR-GAWB","PH",4.599999905
"STEX5332835",92,727,"LR-GAWZ","LR-GAWZ","B",4.699999809
"STEX5332836",92,728,"LR-GAWT","LR-GAWT","B",5.5
"STEX5332830",92,730,"LR-GAWL","LR-GAWL","PB",5.099999905
"STEX5332830",389,730,"LR-GAWL","LR-GAW","PB",5.099999905
"STEX5332827",92,733,"LR-GAWH","LR-GAWH","PB",4.599999905
"STEX5332831",92,735,"LR-GAWP","LR-GAWP","B",5.599999905
"STEX5367725",92,736,"LR-GEWL","LR-GEWL","HB",6
"STEX5367728",92,737,"LR-GEWQ","LR-GEWQ","B",4.699999809
"STEX5367726",92,738,"LR-GEWJ","LR-GEWJ","B",5.199999809
"STEX5367715",92,739,"LR-GCWQ","LR-GCWQ","B",5.400000095
"STEX5367713",92,741,"LR-GCWN","LR-GCWN","P",3.400000095
"STEX5367711",92,742,"LR-GCWL","LR-GCWL","PB",5
"STEX5367707",92,744,"LR-GCWJ","LR-GCWJ","HB",5.900000095
"STEX5332837",92,745,"LR-GBWA","LR-GBWA","P",3.799999952
"STEX5332838",92,747,"LR-GAWY","LR-GAWY","PH",4.800000191
"STEX5367724",92,748,"LR-GEWK","LR-GEWK","B",5
"STEX5367701",92,749,"LR-GBWT","LR-GBWT","B",4.400000095
"STEX5332844",92,751,"LR-GBWN","LR-GBWN","B",5.5
"STEX5332846",92,752,"LR-GBWQ","LR-GBWQ","B",5.099999905
"STEX5367723",92,755,"LR-GEWH","LR-GEWH","HB",5.099999905
"STEX5367709",92,756,"LR-GCWH","LR-GCWH","P",4.699999809
"STEX5367706",92,757,"LR-GCWE","LR-GCWE","H",5.199999809
"STEX5367736",92,758,"LR-GHWE","LR-GHWE","B",6.300000191
"STEX5367738",92,759,"LR-GHWN","LR-GHWN","B",5.300000191
"STEX5367743",92,760,"LR-GHWQ","LR-GHWQ","PB",4.400000095
"STEX5367741",92,761,"LR-GHWB","LR-GHWB","PB",4.599999905
"STEX5367742",92,762,"LR-GHWL","LR-GHWL","B",6.099999905
"STEX5367739",92,763,"LR-GHWK","LR-GHWK","HB",5.300000191
"STEX5367703",92,764,"LR-GBWZ","LR-GBWZ","P",3.900000095
"STEX5367703",66900365,764,"LR-GBWZ","BRB-C8OJ","P",3
"STEX5367727",92,765,"LR-GEWN","LR-GEWN","B",5.800000191
"STEX5367704",92,766,"LR-GCWB","LR-GCWB","HB",5.300000191
"STEX5367729",92,767,"LR-GEWP","LR-GEWP","B",5.5
"STEX5367729",389,767,"LR-GEWP","LR-GEWP","PB",5
"STEX5367714",92,769,"LR-GCWS","LR-GCWS","PB",4.800000191
"STEX5367716",92,770,"LR-GCWT","LR-GCWT","PB",4.599999905
"STEX5367717",92,771,"LR-GCWY","LR-GCWY","HB",4.900000095
"STEX5367720",92,772,"LR-GEWB","LR-GEWB","B",6.099999905
"STEX5367719",92,775,"LR-GEWA","LR-GEWA","B",5.300000191
"STEX5367719",389,775,"LR-GEWA","LR-GEWA","PB",4.699999809
"STEX5367705",92,776,"LR-GCWA","LR-GCWA","B",5.300000191
"STEX5367758",92,778,"LR-GJWN","LR-GJWN","PB",4.699999809
"STEX5367748",92,785,"LR-GHWY","LR-GHWY","B",5.699999809
"STEX5367740",92,786,"LR-GHWJ","LR-GHWJ","H",6
"STEX5367737",92,788,"LR-GHWC","LR-GHWC","H",5.699999809
"STEX5367737",389,788,"LR-GHWC","LR-GHWC","PB",5.300000191
"STEX5367733",92,792,"LR-GEWZ","LR-GEWZ","PB",5
"STEX5367732",92,793,"LR-GEWT","LR-GEWT","PB",3.900000095
"STEX5367731",92,794,"LR-GEWY","LR-GEWY","P",3.799999952
"STEX5367730",92,795,"LR-GEWS","LR-GEWS","PB",4.5
"STEX5367766",92,807,"LR-GKWE","LR-GKWE","B",5.5
"STEX5332806",92,815,"LR-RAYT","LR-RAYT","P",3.900000095
"STEX5332814",92,816,"LR-GAWA","LR-GAWA","B",5.099999905
"STEX5259353",92,819,"LR-LREB","LR-LREB","B",5.099999905
"STEX5192542",92,820,"LR-LOTR","LR-LOTR","HB",5.099999905
"STEX5332820",92,821,"LR-RCYE","LR-RCYE","PB",4.5
"STEX5259432",92,822,"LR-LGAB","LR-LGAB","PB",4.599999905
"STEX5202310",92,824,"LR-RQYZ","LR-RQYZ","B",5.800000191
"STEX5192352",92,826,"LR-RYQB","LR-RYQB","PB",4.5
"STEX5332809",92,827,"LR-YERB","LR-YERB","HB",6.199999809
"STEX5237236",92,828,"LR-RRKG","LR-RRKG","B",5
"STEX5367815",389,901,"LR-GPWJ","LR-GPWJ","PB",4.800000191
"STW984",364,984,"LY-GAOZ","LY-GAOZ","B",4.699999809
"STW985",364,985,"LY-GAOY","LY-GAOY","B",5.5
"STW986",364,986,"LY-GAOT","LY-GAOT","P",3.5
"STW987",364,987,"LY-GAOS","LY-GAOS","B",5.199999809
"STW988",364,988,"LY-GAOQ","LY-GAOQ","B",5.199999809
"STW989",364,989,"LY-GAOP","LY-GAOP","P",4
"STW990",364,990,"LY-GAON","LY-GAON","B",6.199999809
"STW991",364,991,"LY-GAOL","LY-GAOL","PB",4.400000095
"STW992",364,992,"LY-GAOK","LY-GAOK","PB",4.5
"STW994",364,994,"LY-GAOH","LY-GAOH","PB",4.199999809
"STW995",364,995,"RB-GZWS","RB-GZWS","P",4
"STW996",364,996,"RB-GZWB","RB-GZWB","B",5.5
"STW997",364,997,"RB-GZWC","RB-GZWC","PB",5.199999809
"STW998",364,998,"RB-GZWE","RB-GZWE","PB",4.800000191
"STW999",364,999,"RB-GZWH","RB-GZWH","PB",4.900000095
"STW1000",364,1000,"RB-GZWJ","RB-GZWJ","B",5.199999809
"STW1001",364,1001,"RB-GZWK","RB-GZWK","PB",4.400000095
"STW1002",364,1002,"RB-GZWL","RB-GZWL","P",4.099999905
"STW1003",364,1003,"RB-GZWN","RB-GZWN","PB",4.699999809
"STW1004",364,1004,"RB-GZWA","RB-GZWA","H",6.599999905
"STW1005",364,1005,"RB-GZWQ","RB-GZWQ","B",5
"STW1006",364,1006,"LY-YQGK","LY-YQGK","PB",4.300000191
"STW1007",364,1007,"RB-GZWT","RB-GZWT","B",4.900000095
"STW1008",364,1008,"RB-GZWY","RB-GZWY","P",3.200000048
"STW1009",364,1009,"RB-GZWZ","RB-GZWZ","PB",4.599999905
"STW1010",364,1010,"LY-YQGA","LY-YQGA","B",5.5
"STW1011",364,1011,"LY-YQGB","LY-YQGB","PB",4.699999809
"STW1012",364,1012,"LY-YQGC","LY-YQGC","B",5.599999905
"STW1013",364,1013,"LY-YQGE","LY-YQGE","PB",4.800000191
"STW1014",364,1014,"LY-YQGH","LY-YQGH","B",5.699999809
"STW1015",364,1015,"LY-YQGJ","LY-YQGJ","PB",4.199999809
"STW1016",364,1016,"RB-GZWP","RB-GZWP","PB",4.699999809
"STW1018",364,1018,"LY-YQGL","LY-YQGL","PB",4.900000095
"STW1019",364,1019,"RB-GYWA","RB-GYWA","PB",4.699999809
"STW1021",364,1021,"RB-GTWC","RB-GTWC","PB",4.5
"STW1022",364,1022,"RB-GTWB","RB-GTWB","PB",4.400000095
"STW1023",364,1023,"RB-GYWC","RB-GYWC","PB",5.099999905
"STW1025",364,1025,"RB-GYWE","RB-GYWE","B",5.300000191
"STW1026",364,1026,"LY-YQGT","LY-YQGT","PB",4.800000191
"STW1027",364,1027,"LY-YQGY","LY-YQGY","PB",4.900000095
"STW1028",364,1028,"LY-YQGS","LY-YQGS","PB",4.800000191
"STW1029",364,1029,"LY-YQGQ","LY-YQGQ","P",4.099999905
"STW1030",364,1030,"LY-YQGP","LY-YQGP","P",4.400000095
"STW1031",364,1031,"LY-YQGN","LY-YQGN","P",4.300000191
"STW1032",364,1032,"RB-GTWA","RB-GTWA","P",4.400000095
"STW1033",364,1033,"RB-GYWQ","RB-GYWQ","B",5.699999809
"STW1035",364,1035,"LY-GBOB","LY-GBOB","P",3.900000095
"STW1036",364,1036,"LY-GBOA","LY-GBOA","P",4.199999809
"STW1037",364,1037,"RB-GYWZ","RB-GYWZ","P",4.599999905
"STW1038",364,1038,"RB-GYWY","RB-GYWY","P",4.199999809
"STW1039",364,1039,"RB-GYWB","RB-GYWB","PB",4.800000191
"STW1041",364,1041,"LY-GBOE","LY-GBOE","PB",5.199999809
"STW1043",364,1043,"RB-GYWN","RB-GYWN","B",5.599999905
"STW1044",364,1044,"RB-GYWL","RB-GYWL","B",5.300000191
"STW1045",364,1045,"RB-GYWK","RB-GYWK","P",4.300000191
"STW1046",364,1046,"RB-GYWJ","RB-GYWJ","B",6
"STW1047",364,1047,"RB-GYWH","RB-GYWH","H",6.199999809
"STW1075",387,1075,"LB-LJRC","LB-LJRC","PB",4.900000095
"STW1076",387,1076,"LY-GBOL","LY-GBOL","B",5.5
"STW1077",387,1077,"LB-YHGA","LB-YHGA","B",5.5
"STW1079",387,1079,"LB-LJRZ","LB-LJRZ","B",5.300000191
"STW1080",387,1080,"LB-LJRT","LB-LJRT","P",3.799999952
"STW1081",387,1081,"LB-LJRY","LB-LJRY","B",5.599999905
"STW1082",387,1082,"LB-LJRS","LB-LJRS","PB",4.5
"STW1083",387,1083,"LB-LJRQ","LB-LJRQ","B",5.900000095
"STW1084",387,1084,"LB-LJRP","LB-LJRP","PB",4.900000095
"STW1085",387,1085,"LB-LJRN","LB-LJRN","P",4.199999809
"STW1086",387,1086,"LB-LJRL","LB-LJRL","P",4
"STW1087",387,1087,"LB-LJRK","LB-LJRK","P",3.900000095
"STW1087",395,1087,"LB-LJRK","LB-LJRK","P",3.599999905
"STW1088",387,1088,"LB-LJRJ","LB-LJRJ","PB",4.800000191
"STW1089",387,1089,"LB-YHGH","LB-YHGH","P",4
"STW1090",387,1090,"LY-GBOY","LY-GBOY","P",4
"STW1091",387,1091,"LY-GBOH","LY-GBOH","P",3.299999952
"STW1092",387,1092,"LY-GBOK","LY-GBOK","PB",5.300000191
"STW1093",387,1093,"LY-GBOS","LY-GBOS","B",5.900000095
"STW1094",387,1094,"LY-GBOT","LY-GBOT","P",3.599999905
"STW1095",387,1095,"LY-GBOJ","LY-GBOJ","H",6.099999905
"STW1096",387,1096,"LB-LJRH","LB-LJRH","P",3.900000095
"STW1097",387,1097,"LY-GBOZ","LY-GBOZ","B",5.599999905
"STW1098",387,1098,"LB-LJRE","LB-LJRE","B",5.400000095
"STW1099",387,1099,"LY-GBON","LY-GBON","B",5.900000095
"STW1100",387,1100,"LY-GBOP","LY-GBOP","P",3.799999952
"STW1101",387,1101,"LB-LJRA","LB-LJRA","B",5.900000095
"STW1102",387,1102,"LB-LJRB","LB-LJRB","PB",5
"STW1104",387,1104,"LY-GBOQ","LY-GBOQ","B",6.300000191
"STW1105",387,1105,"RY-YZGH","RY-YZGH","B",5.599999905
"STW1106",387,1106,"LY-LSRE","LY-LSRE","B",5.599999905
"STW1107",387,1107,"LY-LSRC","LY-LSRC","PB",5.199999809
"STW1108",387,1108,"LY-LSRB","LY-LSRB","B",5.199999809
"STW1109",387,1109,"LY-LSRA","LY-LSRA","PB",4.900000095
"STW1110",387,1110,"RY-YZGZ","RY-YZGZ","B",5.300000191
"STW1111",387,1111,"RY-YZGY","RY-YZGY","P",3.400000095
"STW1112",387,1112,"RY-YZGN","RY-YZGN","P",4
"STW1113",387,1113,"RY-YZGT","RY-YZGT","B",5.300000191
"STW1114",387,1114,"RY-YZGP","RY-YZGP","P",4.199999809
"STW1115",387,1115,"RY-YZGS","RY-YZGS","B",5.800000191
"STW1116",387,1116,"RY-YZGQ","RY-YZGQ","PB",5.099999905
"STW1117",387,1117,"RY-YZGK","RY-YZGK","P",4.099999905
"STW1118",387,1118,"RY-YZGC","RY-YZGC","PB",4.800000191
"STW1119",387,1119,"LB-YHGE","LB-YHGE","PB",5.699999809
"STW1121",387,1121,"LB-YHGC","LB-YHGC","HB",6.300000191
"STW1122",387,1122,"LB-YHGK","LB-YHGK","P",3.900000095
"STW1123",387,1123,"LB-YHGL","LB-YHGL","B",5.5
"STW1124",387,1124,"LB-YHGP","LB-YHGP","B",5.599999905
"STW1125",387,1125,"LB-YHGQ","LB-YHGQ","P",4.199999809
"STW1127",387,1127,"LB-YHGS","LB-YHGS","P",3.900000095
"STW1129",387,1129,"LB-YHGY","LB-YHGY","B",5.800000191
"STW1131",387,1131,"RY-YZGB","RY-YZGB","B",5.699999809
"STW1133",387,1133,"RY-YZGE","RY-YZGE","P",4.599999905
"STW1134",387,1134,"LY-LSRH","LY-LSRH","B",5.300000191
"STW1135",387,1135,"LB-YHGN","LB-YHGN","B",4.900000095
"STEX5367829",389,1136,"LR-GBOE","LR-GBOE","P",3.200000048
"STEX5259425",389,1137,"LR-RGAB","LR-RGAB","P",4.099999905
"STEX5259395",389,1138,"LR-RRJY","LR-RRJY","P",3.5
"STEX5367834",389,1139,"LR-GBON","LR-GBON","B",5.599999905
"STEX5332819",389,1140,"LR-GBOA","LR-GBOA","B",5.900000095
"STEX5259407",389,1141,"LR-RRQG","LR-RRQG","HB",6
"STEX5367828",389,1142,"LR-GBOC","LR-GBOC","P",3.5
"STEX5367832",389,1143,"LR-GBOK","LR-GBOK","P",3.799999952
"STEX5367830",389,1144,"LR-GBOH","LR-GBOH","P",3.900000095
"STEX5367831",389,1145,"LR-GBOJ","LR-GBOJ","PB",4.599999905
"STEX5367833",389,1146,"LR-GBOL","LR-GBOL","PB",5.099999905
"STEX5367827",389,1147,"LR-GBOB","LR-GBOB","PH",6
"STEX5259426",389,1148,"LR-RGAG","LR-RGAG","PB",4.699999809
"STEX5202165",389,1149,"LR-RYHG","LR-RYHG","PB",4.099999905
"STEX5367836",389,1150,"LR-GBOQ","LR-GBOQ","PB",5.199999809
"STEX5367846",389,1151,"LR-GCOJ","LR-GCOJ","PB",4.5
"STEX5367841",389,1153,"LR-GCOA","LR-GCOA","PH",4.599999905
"STEX5367843",389,1154,"LR-GCOC","LR-GCOC","PB",4
"STEX5367842",389,1155,"LR-GCOB","LR-GCOB","PB",4.300000191
"STEX5367845",389,1156,"LR-GCOH","LR-GCOH","B",5.300000191
"STEX5367845",396,1156,"LR-GCOH","LR-GCOH","PB",4.699999809
"STEX5137211",389,1157,"LR-GCOP","LR-GCOP","B",5.300000191
"STEX5367835",389,1158,"LR-GBOP","LR-GBOP","P",3.700000048
"STEX5367847",389,1159,"LR-GCOK","LR-GCOK","P",4.199999809
"STEX5368412",389,1160,"LR-GAOS","LR-GAOS","B",5.400000095
"STEX5367848",389,1162,"LR-GCOL","LR-GCOL","PB",5
"STEX5368455",389,1163,"LR-GCOZ","LR-GCOZ","P",3.700000048
"STEX5368453",389,1164,"LR-GCOT","LR-GCOT","PB",4.900000095
"STEX5368451",389,1165,"LR-GCOQ","LR-GCOQ","H",6
"STEX5368452",389,1166,"LR-GCOS","LR-GCOS","P",3.700000048
"STEX5367844",389,1167,"LR-GCOE","LR-GCOE","P",3
"STEX5368405",389,1168,"LR-GAOH","LR-GAOH","PB",4.599999905
"STEX5367837",389,1169,"LR-GBOS","LR-GBOS","P",3.099999905
"STEX5367839",389,1170,"LR-GBOY","LR-GBOY","P",4
"STEX5367840",389,1171,"LR-GBOZ","LR-GBOZ","B",5.199999809
"STEX5367838",389,1172,"LR-GBOT","LR-GBOT","P",3.700000048
"STEX5368401",389,1173,"LR-GAOA","LR-GAOA","PB",4.099999905
"STEX5368404",389,1174,"LR-GAOE","LR-GAOE","P",3.700000048
"STEX5368410",389,1175,"LR-GAOP","LR-GAOP","PB",4.599999905
"STEX5368403",389,1176,"LR-GAOC","LR-GAOC","P",3.700000048
"STEX5368414",389,1177,"LR-GAOY","LR-GAOY","H",5.900000095
"STEX5368407",389,1178,"LR-GAOK","LR-GAOK","PB",4.900000095
"STEX5368408",389,1179,"LR-GAOL","LR-GAOL","B",5.599999905
"STEX5368406",389,1180,"LR-GAOJ","LR-GAOJ","P",3.700000048
"STEX5368409",389,1181,"LR-GAON","LR-GAON","PB",4.300000191
"STEX5368411",389,1182,"LR-GAOQ","LR-GAOQ","H",5.099999905
"STEX5368413",389,1183,"LR-GAOT","LR-GAOT","P",3.400000095
"STEX5368454",389,1184,"LR-GCOY","LR-GCOY","B",5.599999905
"STEX5368402",389,1185,"LR-GAOB","LR-GAOB","PB",5.099999905
"STEX5368418",389,1186,"LR-GEOC","LR-GEOC","PB",5.400000095
"STEX5368460",389,1187,"LR-GJOH","LR-GJOH","B",5.199999809
"STEX5368457",389,1188,"LR-GJOB","LR-GJOB","P",4.099999905
"STEX5368456",389,1189,"LR-GJOA","LR-GJOA","PB",4.699999809
"STEX5368458",389,1190,"LR-GJOC","LR-GJOC","P",3.599999905
"STEX5368462",389,1191,"LR-GJOK","LR-GJOK","B",5.900000095
"STEX5368464",389,1192,"LR-GJOP","LR-GJOP","B",5.900000095
"STEX5368466",389,1193,"LR-GJOL","LR-GJOL","PB",4.599999905
"STEX5368461",389,1194,"LR-GJOJ","LR-GJOJ","PB",4.699999809
"STEX5368463",389,1195,"LR-GJON","LR-GJON","PB",5
"STEX5368467",389,1196,"LR-GJOS","LR-GJOS","P",4.300000191
"STEX5368470",389,1198,"LR-GJOZ","LR-GJOZ","P",3
"STEX5368459",389,1199,"LR-GJOE","LR-GJOE","PB",5.400000095
"STEX5368468",389,1200,"LR-GJOT","LR-GJOT","P",3.799999952
"STEX5368425",389,1201,"LR-GEOP","LR-GEOP","P",3.599999905
"STEX5368416",389,1202,"LR-GEOA","LR-GEOA","H",5.5
"STEX5368417",389,1204,"LR-GEOB","LR-GEOB","P",4.199999809
"STEX5368422",389,1205,"LR-GEOK","LR-GEOK","P",3.799999952
"STEX5368423",389,1206,"LR-GEOL","LR-GEOL","PH",5.599999905
"STEX5368424",389,1207,"LR-GEON","LR-GEON","P",4.199999809
"STEX5368421",389,1208,"LR-GEOJ","LR-GEOJ","PB",5
"STEX5368420",389,1209,"LR-GEOH","LR-GEOH","H",6
"STEX5368429",389,1210,"LR-GEOY","LR-GEOY","H",6
"STEX5368428",389,1211,"LR-GEOT","LR-GEOT","PB",5.199999809
"STEX5368426",389,1212,"LR-GEOQ","LR-GEOQ","P",4.5
"STEX5368427",389,1213,"LR-GEOS","LR-GEOS","B",5.800000191
"STEX5368469",389,1214,"LR-GJOY","LR-GJOY","PB",5.099999905
"STW1215",392,1215,"LG-LCRP","LG-LCRP","P",4.400000095
"STW1216",392,1216,"LG-LARA","LG-LARA","PB",4.800000191
"STW1217",392,1217,"LG-LBRY","LG-LBRY","PB",4.900000095
"STW1218",392,1218,"LG-LBRZ","LG-LBRZ","PB",5.199999809
"STW1219",392,1219,"LG-LCRA","LG-LCRA","PH",5.099999905
"STW1220",392,1220,"LG-LCRB","LG-LCRB","PB",4.699999809
"STW1221",392,1221,"LG-LCRC","LG-LCRC","PB",4.5
"STW1222",392,1222,"LG-LCRE","LG-LCRE","PB",5.199999809
"STW1223",392,1223,"LG-LCRH","LG-LCRH","P",3.900000095
"STW1224",392,1224,"LG-LCRJ","LG-LCRJ","PB",5.300000191
"STW1225",392,1225,"LG-LCRK","LG-LCRK","PB",4.400000095
"STW1226",392,1226,"LG-LBRS","LG-LBRS","HB",6.099999905
"STW1227",392,1227,"LG-LCRN","LG-LCRN","PB",5.199999809
"STW1228",392,1228,"LG-LBRQ","LG-LBRQ","PB",4.900000095
"STW1229",392,1229,"LG-LCRQ","LG-LCRQ","PB",5.300000191
"STW1230",392,1230,"LG-LCRS","LG-LCRS","P",4.400000095
"STW1231",392,1231,"LG-LCRT","LG-LCRT","PB",4.5
"STW1232",392,1232,"LG-LCRY","LG-LCRY","PH",5
"STW1233",392,1233,"LG-LCRZ","LG-LCRZ","PB",4.599999905
"STW1234",392,1234,"LY-LQRA","LY-LQRA","PB",4.699999809
"STW1235",392,1235,"LY-LQRB","LY-LQRB","PB",5.400000095
"STW1236",392,1236,"LY-LQRC","LY-LQRC","P",3.400000095
"STW1237",392,1237,"LY-LQRE","LY-LQRE","P",4.300000191
"STW1238",392,1238,"LY-LQRH","LY-LQRH","P",4.099999905
"STW1239",392,1239,"LY-LQRJ","LY-LQRJ","PH",5.300000191
"STW1240",392,1240,"LG-LCRL","LG-LCRL","PB",5.300000191
"STW1242",392,1242,"LG-LARB","LG-LARB","PB",4.400000095
"STW1244",392,1244,"LG-LARE","LG-LARE","PB",4.900000095
"STW1245",392,1245,"LG-LARH","LG-LARH","PB",4.400000095
"STW1246",392,1246,"LG-LARJ","LG-LARJ","PB",5.099999905
"STW1247",392,1247,"LG-LARK","LG-LARK","PB",4.699999809
"STW1248",392,1248,"LG-LARL","LG-LARL","PB",4.699999809
"STW1249",392,1249,"LG-LARN","LG-LARN","B",5.300000191
"STW1250",392,1250,"LG-LARP","LG-LARP","PH",4.599999905
"STW1251",392,1251,"LG-LARQ","LG-LARQ","PB",4.900000095
"STW1252",392,1252,"LG-LBRT","LG-LBRT","PB",5.5
"STW1254",392,1254,"LY-LQRN","LY-LQRN","PB",5.199999809
"STW1255",392,1255,"LG-LARZ","LG-LARZ","PB",4.699999809
"STW1256",392,1256,"LG-LBRA","LG-LBRA","PB",4.699999809
"STW1257",392,1257,"LG-LBRB","LG-LBRB","P",4.300000191
"STW1258",392,1258,"LG-LBRC","LG-LBRC","PH",5.099999905
"STW1259",392,1259,"LG-LBRE","LG-LBRE","P",4.300000191
"STW1260",392,1260,"LG-LBRH","LG-LBRH","PB",5.099999905
"STW1261",392,1261,"LG-LBRJ","LG-LBRJ","PB",4.699999809
"STW1263",392,1263,"LG-LBRL","LG-LBRL","PB",5.400000095
"STW1264",392,1264,"LG-LBRN","LG-LBRN","P",4
"STW1265",392,1265,"LG-LBRP","LG-LBRP","P",4
"STW1266",392,1266,"LG-LARS","LG-LARS","PB",4.800000191
"STW1267",392,1267,"LY-LTRC","LY-LTRC","P",4.099999905
"STW1268",392,1268,"LY-GCOJ","LY-GCOJ","PB",5
"STW1269",392,1269,"LY-GCOK","LY-GCOK","PB",4.900000095
"STW1270",392,1270,"LY-GCOL","LY-GCOL","PB",4.900000095
"STW1271",392,1271,"LY-GCON","LY-GCON","PB",4.400000095
"STW1272",392,1272,"LY-GCOP","LY-GCOP","PB",5.300000191
"STW1273",392,1273,"LY-GCOQ","LY-GCOQ","PB",4.599999905
"STW1274",392,1274,"LY-GCOS","LY-GCOS","PB",5.300000191
"STW1275",392,1275,"LY-GCOT","LY-GCOT","PB",5.099999905
"STW1276",392,1276,"LY-GCOY","LY-GCOY","PB",4.800000191
"STW1277",392,1277,"LY-GCOZ","LY-GCOZ","P",4
"STW1278",392,1278,"LY-LQRK","LY-LQRK","P",3.599999905
"STW1280",392,1280,"LY-GCOC","LY-GCOC","B",5.599999905
"STW1281",392,1281,"LY-LTRE","LY-LTRE","PB",4.400000095
"STW1282",392,1282,"LY-LTRH","LY-LTRH","PB",4.800000191
"STW1283",392,1283,"LY-LTRJ","LY-LTRJ","PB",5.099999905
"STW1284",392,1284,"LY-LTRK","LY-LTRK","P",3.599999905
"STW1285",392,1285,"LY-LTRL","LY-LTRL","PB",4.5
"STW1286",392,1286,"LY-LTRN","LY-LTRN","PB",4.5
"STW1287",392,1287,"LY-LTRP","LY-LTRP","PB",5.199999809
"STW1288",392,1288,"LY-LTRQ","LY-LTRQ","PB",5.5
"STW1289",392,1289,"LY-LTRS","LY-LTRS","PB",5
"STW1290",392,1290,"LY-LTRT","LY-LTRT","PB",5.400000095
"STW1291",392,1291,"LY-LTRY","LY-LTRY","PB",5
"STW1292",392,1292,"LY-LTRA","LY-LTRA","P",4.099999905
"STW1293",392,1293,"LB-LKRK","LB-LKRK","PB",5.199999809
"STW1294",392,1294,"LY-LTRZ","LY-LTRZ","PB",5.599999905
"STW1295",392,1295,"LY-LQRP","LY-LQRP","B",5.699999809
"STW1296",392,1296,"LY-LQRQ","LY-LQRQ","PB",5.300000191
"STW1298",392,1298,"LY-LQRT","LY-LQRT","HB",5.699999809
"STW1299",392,1299,"LY-LQRY","LY-LQRY","PB",4.5
"STW1300",392,1300,"LY-LQRZ","LY-LQRZ","PH",4.300000191
"STW1302",392,1302,"LB-LKRB","LB-LKRB","PB",4.699999809
"STW1303",392,1303,"LB-LKRC","LB-LKRC","PB",4.599999905
"STW1304",392,1304,"LB-LKRE","LB-LKRE","PB",4.900000095
"STW1305",392,1305,"LY-GCOH","LY-GCOH","P",4.199999809
"STW1306",392,1306,"LB-LKRJ","LB-LKRJ","PB",5.099999905
"STW1307",392,1307,"LY-GCOE","LY-GCOE","PB",5.199999809
"STW1308",392,1308,"LB-LKRL","LB-LKRL","P",3.700000048
"STW1309",392,1309,"LB-LKRN","LB-LKRN","PB",4.900000095
"STW1310",392,1310,"LB-LKRP","LB-LKRP","PB",4.900000095
"STW1311",392,1311,"LB-LKRQ","LB-LKRQ","HB",5.599999905
"STW1313",392,1313,"LB-LKRT","LB-LKRT","PB",5.300000191
"STW1314",392,1314,"LB-LKRY","LB-LKRY","P",3.299999952
"STW1315",392,1315,"LB-LKRZ","LB-LKRZ","PB",5.199999809
"STW1316",392,1316,"LY-GCOA","LY-GCOA","PB",5
"STW1317",392,1317,"LY-GCOB","LY-GCOB","PH",4.5
"STW1318",392,1318,"LY-LQRL","LY-LQRL","P",4
"STW1319",392,1319,"LB-LKRH","LB-LKRH","P",4.400000095
"STW1320",392,1320,"LG-LERY","LG-LERY","P",4.900000095
"STW1321",392,1321,"LG-LERA","LG-LERA","PB",4.5
"STW1322",392,1322,"LY-GEOQ","LY-GEOQ","PB",5.199999809
"STW1323",392,1323,"LY-GEOP","LY-GEOP","PB",5
"STW1324",392,1324,"LY-GEON","LY-GEON","PB",5.099999905
"STW1325",392,1325,"LY-GEOL","LY-GEOL","PB",5.300000191
"STW1327",392,1327,"LY-GEOJ","LY-GEOJ","PB",5.400000095
"STW1328",392,1328,"LY-GEOH","LY-GEOH","PB",4.400000095
"STW1331",392,1331,"LY-GEOB","LY-GEOB","PB",4.800000191
"STW1332",392,1332,"LY-GEOT","LY-GEOT","B",5.699999809
"STW1333",392,1333,"LG-LERZ","LG-LERZ","B",5.699999809
"STW1334",392,1334,"LY-GEOY","LY-GEOY","PB",4.800000191
"STW1335",392,1335,"LG-LERT","LG-LERT","PB",5.099999905
"STW1337",392,1337,"LG-LERQ","LG-LERQ","PB",5.099999905
"STW1340",392,1340,"LG-LERL","LG-LERL","P",3.599999905
"STW1341",392,1341,"LG-LERK","LG-LERK","PB",4.900000095
"STW1342",392,1342,"LG-LERJ","LG-LERJ","PB",4.900000095
"STW1343",392,1343,"LG-LERH","LG-LERH","PB",5.300000191
"STW1345",392,1345,"LG-LERC","LG-LERC","PB",5.599999905
"STW1346",392,1346,"LG-LERB","LG-LERB","PB",5.400000095
"STW1347",392,1347,"LY-GEOA","LY-GEOA","PB",4.699999809
"STW1349",392,1349,"LY-LSRZ","LY-LSRZ","PB",5
"STW1350",392,1350,"LY-LSRY","LY-LSRY","PB",5.199999809
"STW1351",392,1351,"LY-LSRT","LY-LSRT","PB",5.300000191
"STW1352",392,1352,"LY-LSRS","LY-LSRS","PB",4.800000191
"STW1353",392,1353,"LY-LSRQ","LY-LSRQ","P",3.5
"STW1354",392,1354,"LY-LSRP","LY-LSRP","PB",4.900000095
"STW1355",392,1355,"LY-LSRN","LY-LSRN","PB",4.599999905
"STW1356",392,1356,"LY-LSRL","LY-LSRL","PB",4.099999905
"STW1358",392,1358,"LY-LSRJ","LY-LSRJ","PB",4.800000191
"STW1359",392,1359,"LY-GHOZ","LY-GHOZ","PB",4.800000191
"STW1360",392,1360,"LY-GEOS","LY-GEOS","PB",4.800000191
"STW1362",392,1362,"RB-GTWH","RB-GTWH","PB",5.5
"STW1363",392,1363,"LY-GHOQ","LY-GHOQ","PB",5.5
"STW1366",392,1366,"LY-GHOL","LY-GHOL","PB",5.099999905
"STW1367",392,1367,"LY-GHOK","LY-GHOK","PB",5.199999809
"STW1368",392,1368,"LY-GHOJ","LY-GHOJ","PB",4.699999809
"STW1369",392,1369,"LY-GHOH","LY-GHOH","PB",5.400000095
"STW1371",392,1371,"LY-GHOC","LY-GHOC","PB",5.400000095
"STW1372",392,1372,"LY-GHOB","LY-GHOB","PB",5.099999905
"STW1373",392,1373,"LY-GHOA","LY-GHOA","PB",4.699999809
"STW1374",392,1374,"LY-GEOZ","LY-GEOZ","PB",5.599999905
"STW1375",392,1375,"LY-GHOY","LY-GHOY","PB",5.199999809
"STW1376",395,1376,"RB-RAOC","RB-RAOC","P",4.099999905
"STW1377",395,1377,"RB-RAOS","RB-RAOS","P",3.099999905
"STW1378",395,1378,"RB-RCON","RB-RCON","PB",4.599999905
"STW1379",395,1379,"RB-RCOP","RB-RCOP","B",5.400000095
"STW1380",395,1380,"RB-RCOQ","RB-RCOQ","B",5.699999809
"STW1381",395,1381,"RB-RCOS","RB-RCOS","PB",4.699999809
"STW1382",395,1382,"RB-RCOT","RB-RCOT","B",5.699999809
"STW1383",395,1383,"RB-RCOY","RB-RCOY","B",4.5
"STW1384",395,1384,"RB-RCOZ","RB-RCOZ","P",4.699999809
"STW1385",395,1385,"RB-RCOK","RB-RCOK","PB",5
"STW1386",395,1386,"RB-RAOB","RB-RAOB","PB",5.099999905
"STW1387",395,1387,"RB-RCOJ","RB-RCOJ","P",4.400000095
"STW1388",395,1388,"RB-RAOE","RB-RAOE","P",3.599999905
"STW1389",395,1389,"RB-RAOH","RB-RAOH","PB",5
"STW1390",395,1390,"RB-RAOJ","RB-RAOJ","P",4.400000095
"STW1391",395,1391,"RB-RAOK","RB-RAOK","PB",4.400000095
"STW1392",395,1392,"RB-RAOL","RB-RAOL","PB",5
"STW1393",395,1393,"RB-RAON","RB-RAON","PB",4.5
"STW1394",395,1394,"RB-RAOP","RB-RAOP","P",4.300000191
"STW1395",395,1395,"RB-RBOA","RB-RBOA","B",5.599999905
"STW1396",395,1396,"RB-RAOA","RB-RAOA","PB",4.699999809
"STW1397",395,1397,"RB-RBOS","RB-RBOS","PB",5.5
"STW1398",395,1398,"RB-RBOB","RB-RBOB","PB",4.599999905
"STW1399",395,1399,"RB-RBOC","RB-RBOC","P",4
"STW1400",395,1400,"RB-RBOE","RB-RBOE","P",4
"STW1401",395,1401,"RB-RBOH","RB-RBOH","PB",4.900000095
"STW1402",395,1402,"RB-RBOJ","RB-RBOJ","PB",4.400000095
"STW1403",395,1403,"RB-RBOK","RB-RBOK","P",3.799999952
"STW1405",395,1405,"RB-RBON","RB-RBON","PB",4.900000095
"STW1406",395,1406,"RB-RCOL","RB-RCOL","B",5.400000095
"STW1407",395,1407,"RB-RBOQ","RB-RBOQ","PB",4.699999809
"STW1408",395,1408,"RB-RAOT","RB-RAOT","PB",4.300000191
"STW1409",395,1409,"RB-RBOT","RB-RBOT","P",3.5
"STW1410",395,1410,"RB-RBOY","RB-RBOY","PB",5.099999905
"STW1411",395,1411,"RB-RBOZ","RB-RBOZ","P",4.300000191
"STW1412",395,1412,"RB-RCOA","RB-RCOA","B",5.699999809
"STW1413",395,1413,"RB-RCOB","RB-RCOB","PB",4.400000095
"STW1414",395,1414,"RB-RCOC","RB-RCOC","PB",5.099999905
"STW1415",395,1415,"RB-RCOE","RB-RCOE","P",4.300000191
"STW1416",395,1416,"RB-RCOH","RB-RCOH","H",5.599999905
"STW1417",395,1417,"RB-RBOP","RB-RBOP","B",5.900000095
"STW1418",395,1418,"RB-RAOY","RB-RAOY","P",4
"STW1419",395,1419,"RB-RAOQ","RB-RAOQ","PB",5
"STEX5368490",396,1420,"LR-GZWE","LR-GZWE","P",3.900000095
"STEX5368474",396,1421,"LR-GKOE","LR-GKOE","PB",5.099999905
"STEX5368478",396,1422,"LR-GKOK","LR-GKOK","PB",4.400000095
"STEX5368479",396,1423,"LR-GKOL","LR-GKOL","P",3.599999905
"STEX5368482",396,1425,"LR-GKOP","LR-GKOP","PB",5.400000095
"STEX5368483",396,1426,"LR-GKOQ","LR-GKOQ","PH",5.099999905
"STEX5368485",396,1427,"LR-GKOT","LR-GKOT","P",4
"STEX5368487",396,1428,"LR-GKOZ","LR-GKOZ","PB",4.5
"STEX5368486",396,1429,"LR-GKOY","LR-GKOY","P",4
"STEX5192513",396,1431,"LR-GZWC","LR-GZWC","P",3.900000095
"STEX5368491",396,1432,"LR-GZWH","LR-GZWH","P",3.700000048
"STEX5368488",396,1433,"LR-GZWB","LR-GZWB","PB",5.199999809
"STEX5259408",396,1434,"LR-RRQY","LR-RRQY","P",4.400000095
"STEX5368484",396,1436,"LR-GKOS","LR-GKOS","PB",5.5
"STEX5368443",396,1437,"LR-GHOT","LR-GHOT","PB",5.199999809
"STEX5368430",396,1438,"LR-GHOA","LR-GHOA","P",3.400000095
"STEX5368432",396,1441,"LR-GHOC","LR-GHOC","P",3.400000095
"STEX5368435",396,1442,"LR-GHOJ","LR-GHOJ","P",4
"STEX5368434",396,1443,"LR-GHOH","LR-GHOH","P",4
"STEX5368477",396,1445,"LR-GKOJ","LR-GKOJ","P",3.400000095
"STEX5368441",396,1446,"LR-GHOS","LR-GHOS","PB",4.300000191
"STEX5368475",396,1447,"LR-GKOH","LR-GKOH","PH",4.800000191
"STEX5368438",396,1449,"LR-GHON","LR-GHON","PH",4.699999809
"STEX5368439",396,1450,"LR-GHOP","LR-GHOP","P",3.5
"STEX5368444",396,1451,"LR-GHOY","LR-GHOY","P",3.799999952
"STEX5368445",396,1452,"LR-GHOZ","LR-GHOZ","PH",4.199999809
"STEX5368471",396,1453,"LR-GKOA","LR-GKOA","PB",4.400000095
"STEX5368472",396,1454,"LR-GKOB","LR-GKOB","PB",4.599999905
"STEX5180214",396,1455,"LR-LWNY","LR-LWNY","H",5.800000191
"STEX5368440",396,1456,"LR-GHOQ","LR-GHOQ","P",2.900000095
"SSC2063",66902260,1828,"OB100R4","OB100R4","P",3.299999952
"STW2403",66902259,2403,"RB-CPYK","GW022B6","B",5.099999905
"STW3541",66902260,3541,"LG-CNYA","LG-CNYA","B",4.800000191
"STW5303",66902257,5303,"LG-BPOE","LG-BPOE","PB",3.5
"STW5361",66900333,5361,"LB-BQOZ","LB-BQOZ","P",3.5
"STW5956",66902260,5956,"LY-GTWE","LY-GTWE","B",4.900000095
"STW6142",66900335,6142,"LG-YPRT","BLP-GPYU","PB",4.300000191
"STW6146",66902259,6146,"LY-GTWT","LY-GTWT","B",4.800000191
"STW6351",66902257,6351,"RY-WSCC","RY-WSCC","PB",3.299999952
"STW7501",66902259,7501,"RY-CNLY","RY-CNLY","PB",4.5
"STW7998",66902259,7998,"RR-CELP","RR-CELP","PB",4.5
"STW8066",66902257,8066,"LY-LSGZ","LY-LSGZ","PB",4.599999905
"STW8082",66902248,8082,"RB-LHBS","RB-LHBS","H",6.400000095
"STW8219",66902233,8219,"RY-CPYC","RY-CPYC","P",3
"STW8634",66902260,8634,"RG-CSLH","RG-CSLH","PB",4.599999905
"STW8889",66902249,8889,"RB-WTCB","RB-WTCB","PB",3.700000048
"STW8988",66900332,8988,"RR-CQLK","RR-CQLK","B",5.699999809
"STW8989",66900332,8989,"RB-CLLZ","RB-CLLZ","B",4.900000095
"CHRP8990",66900333,8990,"BLB-Y6CP","BLB-Y6CP","PB",4
"CHRP8991",66900333,8991,"BRB-R5Y3","BRB-R5Y3","PB",4.199999809
"CHRP8992",66900333,8992,"BRB-R5Y2","BRB-R5Y2","PB",3.5
"CHRP8994",66900333,8994,"BRB-R5Y0","BRB-R5Y0","PB",4.400000095
"CHRP8995",66900333,8995,"BLB-Y6CY","BLB-Y6CY","PB",4.5
"CHRP8996",66900333,8996,"BLB-Y6CX","BLB-Y6CX","PB",4.5
"CHRP8999",66900333,8999,"BRB-R5Y6","BRB-R5Y6","PB",5.199999809
"CHRP9000",66900333,9000,"BLB-Y6CN","BLB-Y6CN","PB",4.699999809
"CHRP9001",66900333,9001,"BLB-Y6CL","BLB-Y6CL","PB",4.199999809
"CHRP9002",66900333,9002,"BLB-Y6CJ","BLB-Y6CJ","P",3.400000095
"CHRP9003",66900333,9003,"BLB-Y6CH","BLB-Y6CH","PH",4.800000191
"CHRP9004",66900333,9004,"BLB-Y6CE","BLB-Y6CE","P",3.099999905
"CHRP9005",66900333,9005,"BLB-Y6CT","BLB-Y6CT","PB",4.900000095
"CHRP9006",66900333,9006,"BRB-R5YE","BRB-R5YE","PB",4.199999809
"CHRP9007",66900333,9007,"BRB-R5YT","BRB-R5YT","PB",5.199999809
"CHRP9008",66900333,9008,"BRB-R5YS","BRB-R5YS","PB",4.400000095
"CHRP9009",66900333,9009,"BRB-R5YP","BRB-R5YP","P",3.599999905
"CHRP9011",66900333,9011,"BRB-R5YL","BRB-R5YL","PB",4.099999905
"CHRP9012",66900333,9012,"BRB-R5Y4","BRB-R5Y4","PB",4.800000191
"CHRP9016",66900333,9016,"BRB-R5YA","BRB-R5YA","PB",4.300000191
"CHRP9017",66900333,9017,"BRB-R5Y9","BRB-R5Y9","PB",4.099999905
"CHRP9018",66900333,9018,"BRB-R5Y8","BRB-R5Y8","PB",4
"CHRP9019",66900333,9019,"BRB-R5Y7","BRB-R5Y7","P",2.5
"CHRP9020",66900333,9020,"BRB-R5YJ","BRB-R5YJ","PB",3.700000048
"CHRP9022",66900333,9022,"BLB-Y6CC","BLB-Y6CC","PB",3.799999952
"CHRP9023",66900333,9023,"BRB-BEYJ","BRB-BEYJ","PB",4.400000095
"CHRP9024",66900333,9024,"BRB-BEYH","BRB-BEYH","PB",4
"CHRP9027",66900333,9027,"BRB-BEYA","BRB-BEYA","PB",3.400000095
"CHRP9029",66900333,9029,"BRB-BEY8","BRB-BEY8","PB",3.900000095
"CHRP9030",66900333,9030,"BRB-BEYP","BRB-BEYP","PB",4.599999905
"CHRP9032",66900333,9032,"BRB-BEY5","BRB-BEY5","PB",3.599999905
"CHRP9033",66900333,9033,"BRB-BEY4","BRB-BEY4","P",3.299999952
"CHRP9034",66900333,9034,"BRB-BEY3","BRB-BEY3","P",3.099999905
"CHRP9036",66900333,9036,"BRB-BEY0","BRB-BEY0","B",4.800000191
"CHRP9037",66900333,9037,"BRB-BEY9","BRB-BEY9","P",3.200000048
"CHRP9038",66900333,9038,"BLB-Y6C2","BLB-Y6C2","PB",4.199999809
"CHRP9039",66900333,9039,"BRB-R5YY","BRB-R5YY","B",5
"CHRP9040",66900333,9040,"BLB-Y6C9","BLB-Y6C9","PB",4.599999905
"CHRP9041",66900333,9041,"BLB-Y6C8","BLB-Y6C8","PB",4.699999809
"CHRP9042",66900333,9042,"BLB-Y6C7","BLB-Y6C7","P",3.200000048
"CHRP9043",66900333,9043,"BLB-Y6C6","BLB-Y6C6","PB",3.900000095
"CHRP9044",66900333,9044,"BLB-Y6C5","BLB-Y6C5","PB",4.599999905
"CHRP9046",66900333,9046,"BLB-Y6C3","BLB-Y6C3","PB",3.5
"CHRP9047",66900333,9047,"BLB-Y6CA","BLB-Y6CA","P",3
"CHRP9048",66900333,9048,"BLB-Y6C1","BLB-Y6C1","PB",3.900000095
"CHRP9050",66900333,9050,"BRB-BEYX","BRB-BEYX","P",3.5
"CHRP9052",66900333,9052,"BRB-BEYT","BRB-BEYT","PB",4.099999905
"CHRP9053",66900333,9053,"BRB-BEYS","BRB-BEYS","PB",4.699999809
"CHRP9054",66900333,9054,"BLB-Y6C4","BLB-Y6C4","PB",3.900000095
"CHRP9055",66900333,9055,"BLP-GPY0","BLP-GPY0","PB",4.400000095
"CHRP9056",66900333,9056,"BLP-GPY1","BLP-GPY1","PB",4.199999809
"CHRP9057",66900333,9057,"BLP-GPY2","BLP-GPY2","P",3.400000095
"CHRP9058",66900333,9058,"BLP-GPY3","BLP-GPY3","PB",4.300000191
"CHRP9059",66900333,9059,"BLP-GPY4","BLP-GPY4","PB",4.699999809
"CHRP9060",66900333,9060,"BLP-GPY7","BLP-GPY7","PB",4.300000191
"CHRP9062",66900333,9062,"BLP-GPY6","BLP-GPY6","PB",4
"CHRP9063",66900333,9063,"BRB-R5YU","BRB-R5YU","P",4
"CHRP9064",66900334,9064,"BLP-GPYA","BLP-GPYA","PB",3.799999952
"CHRP9065",66900334,9065,"BLP-GPYJ","BLP-GPYJ","PB",3.400000095
"CHRP9066",66900334,9066,"BLP-GPYH","BLP-GPYH","B",5
"CHRP9067",66900334,9067,"BLP-GPYE","BLP-GPYE","PB",4.199999809
"CHRP9068",66900334,9068,"BLP-GPYC","BLP-GPYC","PB",3.799999952
"CHRP9069",66900334,9069,"BLP-GPY9","BLP-GPY9","PB",4.400000095
"CHRP9071",66900334,9071,"BLB-Y6CU","BLB-Y6CU","PB",4.5
"CHRP9072",66900334,9072,"BRB-BEYY","BRB-BEYY","P",3.099999905
"CHRP9073",66900334,9073,"BRB-BEY1","BRB-BEY1","PB",4.199999809
"CHRP9075",66900335,9075,"BLR-WARS","BLR-WARS","PB",4.599999905
"CHRP9076",66900335,9076,"BRY-OYB4","BRY-OYB4","PB",3.900000095
"CHRP9077",66900335,9077,"BRY-OYB3","BRY-OYB3","PB",4.599999905
"CHRP9078",66900335,9078,"BRY-OYB1","BRY-OYB1","B",5.5
"CHRP9079",66900335,9079,"BLR-WARY","BLR-WARY","H",5.400000095
"CHRP9080",66900335,9080,"BLR-WARX","BLR-WARX","B",5
"CHRP9081",66900335,9081,"BLR-WART","BLR-WART","P",3.299999952
"CHRP9082",66900335,9082,"BRY-OYBH","BRY-OYBH","PB",4.5
"CHRP9083",66900335,9083,"BLR-WARP","BLR-WARP","P",3.299999952
"CHRP9084",66900335,9084,"BRY-OYB5","BRY-OYB5","PB",4.400000095
"CHRP9086",66900335,9086,"BRY-OYB2","BRY-OYB2","PB",4.199999809
"CHRP9087",66900335,9087,"BRY-OYB6","BRY-OYB6","PB",4.5
"CHRP9088",66900335,9088,"BRY-OYB7","BRY-OYB7","PB",4.199999809
"SSC36793",66900335,9089,"RW201R1","RW201R1","B",5.099999905
"CHRP9090",66900335,9090,"BRY-OYB8","BRY-OYB8","PB",4.699999809
"CHRP9092",66900335,9092,"BRY-OYB9","BRY-OYB9","B",5.300000191
"CHRP9093",66900335,9093,"BRY-OYBA","BRY-OYBA","B",5.300000191
"CHRP9094",66900335,9094,"BLR-WARN","BLR-WARN","PB",4.699999809
"CHRP9095",66900335,9095,"BRY-OYBE","BRY-OYBE","PB",4.800000191
"CHRP9096",66900335,9096,"BLR-WAR5","BLR-WAR5","PB",4.400000095
"CHRP9097",66900335,9097,"BRY-OYBJ","BRY-OYBJ","PB",3.700000048
"CHRP9098",66900335,9098,"BRY-OYBC","BRY-OYBC","PB",4.699999809
"CHRP9099",66900335,9099,"BLR-WAR3","BLR-WAR3","P",2.799999952
"CHRP9100",66900335,9100,"BLP-GPYL","BLP-GPYL","B",4.800000191
"CHRP9103",66900335,9103,"BLP-GPYS","BLP-GPYS","PB",4.800000191
"CHRP9104",66900335,9104,"BLP-GPYT","BLP-GPYT","PB",4
"CHRP9105",66900335,9105,"BLP-GPYX","BLP-GPYX","B",5.099999905
"CHRP9106",66900335,9106,"BLP-GPYY","BLP-GPYY","PH",4.099999905
"CHRP9107",66900335,9107,"BLR-WAR0","BLR-WAR0","PB",4.800000191
"CHRP9108",66900335,9108,"BLR-WAR7","BLR-WAR7","B",5.099999905
"CHRP9110",66900335,9110,"BLR-WARL","BLR-WARL","PB",4.199999809
"CHRP9111",66900335,9111,"BLR-WAR4","BLR-WAR4","PB",4.699999809
"CHRP9112",66900335,9112,"BRY-OYBL","BRY-OYBL","P",3.599999905
"CHRP9113",66900335,9113,"BLR-WAR6","BLR-WAR6","PB",4.400000095
"CHRP9114",66900335,9114,"BLR-WAR8","BLR-WAR8","PB",3.5
"CHRP9115",66900335,9115,"BLR-WAR9","BLR-WAR9","PB",4.699999809
"CHRP9116",66900335,9116,"BLR-WARA","BLR-WARA","B",5
"CHRP9117",66900335,9117,"BLR-WARC","BLR-WARC","P",2.900000095
"CHRP9118",66900335,9118,"BLR-WARE","BLR-WARE","PB",4.5
"CHRP9119",66900335,9119,"BLR-WARH","BLR-WARH","P",3.5
"CHRP9121",66900335,9121,"BLR-WAR1","BLR-WAR1","PB",4.900000095
"CHRP9130",66900349,9130,"BLG-WUR3","BLG-WUR3","PB",4.599999905
"CHRP9131",66900349,9131,"BRB-B9YE","BRB-B9YE","PB",4.5
"CHRP9132",66900349,9132,"BRB-B9YH","BRB-B9YH","PB",4.099999905
"CHRP9133",66900349,9133,"BRB-B9YJ","BRB-B9YJ","PB",3.700000048
"CHRP9134",66900349,9134,"BRB-B9YL","BRB-B9YL","PB",4.099999905
"CHRP9136",66900349,9136,"BRB-B9YA","BRB-B9YA","PB",3.900000095
"CHRP9138",66900349,9138,"BRB-B9Y9","BRB-B9Y9","PB",3.900000095
"CHRP9144",66900349,9144,"BRY-OYBN","BRY-OYBN","PB",4
"CHRP9146",66900349,9146,"BRB-B9Y2","BRB-B9Y2","PB",4.800000191
"CHRP9148",66900349,9148,"BRY-OYBS","BRY-OYBS","H",4.900000095
"CHRP9149",66900349,9149,"BRY-OYBT","BRY-OYBT","PB",4
"CHRP9150",66900349,9150,"BRY-OYBU","BRY-OYBU","PB",4
"CHRP9152",66900349,9152,"BRY-OYBY","BRY-OYBY","PB",4.300000191
"CHRP9153",66900349,9153,"BRB-B9YC","BRB-B9YC","H",5.099999905
"CHRP9154",66900349,9154,"BRB-B9Y1","BRB-B9Y1","P",2.599999905
"CHRP9157",66900349,9157,"BRB-B9Y4","BRB-B9Y4","P",2.900000095
"CHRP9159",66900349,9159,"BRB-B9Y6","BRB-B9Y6","PB",5.300000191
"CHRP9160",66900349,9160,"BRB-B9Y7","BRB-B9Y7","PB",3.799999952
"CHRP9162",66900349,9162,"BRB-B9Y0","BRB-B9Y0","PB",3.599999905
"CHRP9163",66900349,9163,"BRB-GYY7","BRB-GYY7","P",2.700000048
"CHRP9166",66900349,9166,"BRB-GYY1","BRB-GYY1","H",5.5
"CHRP9167",66900349,9167,"BRB-GYY2","BRB-GYY2","PB",4.800000191
"CHRP9169",66900349,9169,"BRB-GYY4","BRB-GYY4","PB",3.799999952
"CHRP9170",66900349,9170,"BLG-WURX","BLG-WURX","PB",4.599999905
"CHRP9171",66900349,9171,"BRB-GYY6","BRB-GYY6","P",2.700000048
"CHRP9176",66900349,9176,"BRB-GYYC","BRB-GYYC","PB",3.599999905
"CHRP9177",66900349,9177,"BRB-GYYE","BRB-GYYE","P",2.200000048
"CHRP9178",66900349,9178,"BRB-GYYH","BRB-GYYH","PB",4.199999809
"CHRP9179",66900349,9179,"BRB-GYY5","BRB-GYY5","PB",3.799999952
"CHRP9180",66900349,9180,"BLG-WURH","BLG-WURH","PB",4.300000191
"CHRP9186",66900349,9186,"BLG-WURA","BLG-WURA","PB",4.5
"CHRP9188",66900349,9188,"BLG-WURE","BLG-WURE","PB",4.199999809
"CHRP9190",66900349,9190,"BLG-WURJ","BLG-WURJ","P",2.599999905
"CHRP9191",66900349,9191,"BLG-WURL","BLG-WURL","P",2.200000048
"CHRP9195",66900349,9195,"BLG-WURT","BLG-WURT","P",3.200000048
"CHRP9196",66900349,9196,"BLG-WURC","BLG-WURC","PB",4.599999905
"CHRP9210",66900364,9210,"BRB-C8O5","BRB-C8O5","PB",5.199999809
"CHRP9211",66900364,9211,"BRB-GYYL","BRB-GYYL","B",4.599999905
"CHRP9212",66900364,9212,"BRB-C8O9","BRB-C8O9","PB",3.299999952
"CHRP9214",66900364,9214,"BRB-C8O6","BRB-C8O6","PB",4.5
"CHRP9216",66900364,9216,"BRB-C8O4","BRB-C8O4","B",4.800000191
"CHRP9217",66900364,9217,"BRB-C8O3","BRB-C8O3","PB",4.599999905
"CHRP9218",66900364,9218,"BRB-C8O2","BRB-C8O2","B",4.599999905
"CHRP9220",66900364,9220,"BRB-C8O0","BRB-C8O0","B",5.199999809
"CHRP9221",66900364,9221,"BRB-GYYX","BRB-GYYX","P",2.299999952
"CHRP9223",66900364,9223,"BRB-GYYT","BRB-GYYT","PB",4.400000095
"CHRP9224",66900364,9224,"BRB-GYYS","BRB-GYYS","PB",3.700000048
"CHRP9225",66900364,9225,"BRB-GYYP","BRB-GYYP","B",4.900000095
"CHRP9226",66900364,9226,"BRB-C8O1","BRB-C8O1","PB",4.400000095
"CHRP9227",66900364,9227,"BRB-C8O7","BRB-C8O7","B",5
"CHRP9228",66900365,9228,"BRB-C8OX","BRB-C8OX","B",4.900000095
"CHRP9229",66900365,9229,"BRB-C8OY","BRB-C8OY","PB",4.099999905
"CHRP9232",66900365,9232,"BRP-YUC2","BRP-YUC2","P",2.900000095
"CHRP9234",66900365,9234,"BRP-YUC5","BRP-YUC5","PB",4.300000191
"CHRP9235",66900365,9235,"BRB-C8OU","BRB-C8OU","P",2.900000095
"CHRP9236",66900365,9236,"BRP-YUC4","BRP-YUC4","PB",4.599999905
"CHRP9238",66900365,9238,"BRB-C8OS","BRB-C8OS","P",2.900000095
"CHRP9239",66900365,9239,"BRB-C8OP","BRB-C8OP","H",4.699999809
"CHRP9240",66900365,9240,"BRB-C8ON","BRB-C8ON","PB",3.5
"CHRP9241",66900365,9241,"BRB-C8OL","BRB-C8OL","PB",4.300000191
"CHRP9243",66900365,9243,"BRB-C8OC","BRB-C8OC","P",2.400000095
"CHRP9244",66900365,9244,"BRP-YUC8","BRP-YUC8","PB",3.200000048
"CHRP9245",66900365,9245,"BRB-C8OE","BRB-C8OE","PB",4.199999809
"CHRP9247",66900365,9247,"BRP-YUC6","BRP-YUC6","P",2.200000048
"CHRP9250",66900365,9250,"BLR-OER7","BLR-OER7","PB",4.099999905
"CHRP9251",66900365,9251,"BLR-OER8","BLR-OER8","PB",4.400000095
"CHRP9252",66900365,9252,"BLR-OER9","BLR-OER9","B",5.099999905
"CHRP9258",66900365,9258,"BLR-OERL","BLR-OERL","P",2.200000048
"CHRP9259",66900365,9259,"BLR-OERN","BLR-OERN","B",5
"CHRP9260",66900365,9260,"BLR-OERP","BLR-OERP","PH",4.699999809
"CHRP9261",66900365,9261,"BLR-OERS","BLR-OERS","PB",4.599999905
"CHRP9262",66900365,9262,"BLR-OERT","BLR-OERT","PB",3.5
"CHRP9263",66900365,9263,"BLR-OERA","BLR-OERA","PB",3.400000095
"CHRP9269",66900365,9269,"BRP-YUCE","BRP-YUCE","P",3
"CHRP9271",66900365,9271,"BRP-YUCJ","BRP-YUCJ","H",5.5
"CHRP9273",66900365,9273,"BRP-YUCN","BRP-YUCN","P",2.799999952
"CHRP9275",66900365,9275,"BRP-YUCS","BRP-YUCS","P",2.599999905
"CHRP9276",66900365,9276,"BRP-YUCT","BRP-YUCT","P",3.299999952
"CHRP9277",66900365,9277,"BRP-YUCU","BRP-YUCU","B",5.400000095
"CHRP9281",66900365,9281,"BLR-OER1","BLR-OER1","P",2.799999952
"CHRP9282",66900365,9282,"BRP-YUCL","BRP-YUCL","PB",4
"STW9908",66902250,9908,"RR-BYOE","RR-BYOE","P",3.200000048
"STW10049",66902259,10049,"RR-CQLN","RR-CQLN","B",4.699999809
"STW10067",66902260,10067,"RR-BKOA","RR-BKOA","B",4.900000095
"STW10071",66902259,10071,"RG-CAYY","RG-CAYY","PB",4.099999905
"CHRP10228",66902231,10228,"BLR-O8B0","BLR-O8B0","P",2.5
"CHRP10230",66902231,10230,"BLR-O8B1","BLR-O8B1","P",2.799999952
"CHRP10231",66902231,10231,"BLR-O8BN","BLR-O8BN","B",5.300000191
"CHRP10232",66902231,10232,"BLR-O8BL","BLR-O8BL","PB",4
"CHRP10234",66902231,10234,"BLR-O8BH","BLR-O8BH","PB",4.300000191
"CHRP10235",66902231,10235,"BLR-O8BE","BLR-O8BE","H",4.900000095
"CHRP10236",66902231,10236,"BLR-O8BS","BLR-O8BS","B",5.099999905
"CHRP10237",66902231,10237,"BLR-O8BA","BLR-O8BA","PB",3.400000095
"CHRP10239",66902231,10239,"BLR-O8B8","BLR-O8B8","H",5.400000095
"CHRP10240",66902231,10240,"BLR-O8B7","BLR-O8B7","PB",4.300000191
"CHRP10243",66902231,10243,"BLR-O8B4","BLR-O8B4","H",5.300000191
"CHRP10244",66902231,10244,"BLR-O8B3","BLR-O8B3","PB",3.700000048
"CHRP10247",66902231,10247,"BLY-R9Y7","BLY-R9Y7","B",5
"CHRP10248",66902231,10248,"BLY-R9YL","BLY-R9YL","P",3.599999905
"CHRP10249",66902231,10249,"BLY-R9YJ","BLY-R9YJ","PB",4.800000191
"CHRP10250",66902231,10250,"BLY-R9YH","BLY-R9YH","P",3.299999952
"CHRP10251",66902231,10251,"BLY-R9YE","BLY-R9YE","PB",4.199999809
"CHRP10252",66902231,10252,"BLY-R9YC","BLY-R9YC","B",5.199999809
"CHRP10255",66902231,10255,"BLY-R9Y8","BLY-R9Y8","B",4.900000095
"CHRP10256",66902231,10256,"BLY-R9YN","BLY-R9YN","B",4.900000095
"CHRP10257",66902231,10257,"BLY-R9Y6","BLY-R9Y6","PB",3.799999952
"CHRP10258",66902231,10258,"BLY-R9Y5","BLY-R9Y5","PB",4.5
"CHRP10261",66902231,10261,"BLR-O8BX","BLR-O8BX","PB",4
"CHRP10262",66902231,10262,"BLR-O8BU","BLR-O8BU","B",5.199999809
"CHRP10264",66902233,10264,"BRR-REY3","BRR-REY3","PB",4.199999809
"CHRP10265",66902233,10265,"BLY-R9YP","BLY-R9YP","P",2.599999905
"CHRP10266",66902233,10266,"BRR-REYC","BRR-REYC","B",4.900000095
"CHRP10267",66902233,10267,"BRR-REYA","BRR-REYA","PB",3.900000095
"CHRP10268",66902233,10268,"BRR-REY9","BRR-REY9","PB",3.299999952
"CHRP10269",66902233,10269,"BRR-REY8","BRR-REY8","PH",4.699999809
"CHRP10270",66902233,10270,"BRR-REY7","BRR-REY7","PB",3.900000095
"CHRP10272",66902233,10272,"BRR-REYH","BRR-REYH","PB",4
"CHRP10274",66902233,10274,"BRR-REYJ","BRR-REYJ","P",3.299999952
"CHRP10275",66902233,10275,"BRR-REY2","BRR-REY2","PB",3.299999952
"CHRP10276",66902233,10276,"BRR-REY1","BRR-REY1","PB",3.799999952
"CHRP10277",66902233,10277,"BLY-R9YY","BLY-R9YY","B",5.199999809
"CHRP10278",66902233,10278,"BLY-R9YX","BLY-R9YX","H",5.099999905
"CHRP10279",66902233,10279,"BLY-R9YU","BLY-R9YU","PB",3.700000048
"CHRP10280",66902233,10280,"BLY-R9YT","BLY-R9YT","PB",4.199999809
"CHRP10281",66902233,10281,"BLY-R9YS","BLY-R9YS","PB",3.700000048
"CHRP10282",66902233,10282,"BRR-REY5","BRR-REY5","B",4.300000191
"CHRP10283",66902233,10283,"BRR-B2YA","BRR-B2YA","PB",4.400000095
"CHRP10285",66902233,10285,"BRR-B2YS","BRR-B2YS","PB",4.800000191
"CHRP10286",66902233,10286,"BRR-B2YP","BRR-B2YP","P",2.5
"CHRP10288",66902233,10288,"BRR-B2YL","BRR-B2YL","PB",4.699999809
"CHRP10289",66902233,10289,"BRR-B2YJ","BRR-B2YJ","PB",3.400000095
"CHRP10290",66902233,10290,"BRR-B2YH","BRR-B2YH","PB",4.099999905
"CHRP10291",66902233,10291,"BRR-REYE","BRR-REYE","PB",4.400000095
"CHRP10292",66902233,10292,"BRR-B2YC","BRR-B2YC","P",3.099999905
"CHRP10294",66902233,10294,"BRR-REYX","BRR-REYX","B",5.300000191
"CHRP10295",66902233,10295,"BRR-REYU","BRR-REYU","B",5.099999905
"CHRP10296",66902233,10296,"BRR-REYT","BRR-REYT","B",5
"CHRP10298",66902233,10298,"BRR-REYP","BRR-REYP","PB",4.300000191
"CHRP10299",66902233,10299,"BRR-REYN","BRR-REYN","PB",4.800000191
"CHRP10300",66902233,10300,"BRR-REYL","BRR-REYL","PB",4.699999809
"CHRP10301",66902233,10301,"BRR-B2YE","BRR-B2YE","PH",4.800000191
"CHRP10318",66902236,10318,"BLP-RSYH","BLP-RSYH","P",3
"CHRP10319",66902236,10319,"BLP-RSY4","BLP-RSY4","P",2.799999952
"CHRP10320",66902236,10320,"BLP-RSYX","BLP-RSYX","PB",3.400000095
"CHRP10321",66902236,10321,"BLP-RSYU","BLP-RSYU","PB",4.800000191
"CHRP10322",66902236,10322,"BLP-RSYT","BLP-RSYT","P",3.099999905
"CHRP10323",66902236,10323,"BLP-RSYS","BLP-RSYS","P",2.400000095
"CHRP10324",66902236,10324,"BLP-RSYP","BLP-RSYP","PB",4.400000095
"CHRP10325",66902236,10325,"BLP-RSYN","BLP-RSYN","H",5
"CHRP10326",66902236,10326,"BRR-B2YX","BRR-B2YX","P",3
"CHRP10327",66902236,10327,"BLP-RSYJ","BLP-RSYJ","PB",3.5
"CHRP10329",66902236,10329,"BLP-RSYE","BLP-RSYE","PB",4.599999905
"CHRP10330",66902236,10330,"BLP-RSYC","BLP-RSYC","PB",3.900000095
"CHRP10331",66902236,10331,"BLP-RSYA","BLP-RSYA","P",3
"CHRP10332",66902236,10332,"BLP-RSY9","BLP-RSY9","PB",3.700000048
"CHRP10334",66902236,10334,"BLP-RSY7","BLP-RSY7","PB",3.799999952
"CHRP10335",66902236,10335,"BLP-RSY6","BLP-RSY6","P",3.200000048
"CHRP10336",66902236,10336,"BLP-RSY5","BLP-RSY5","PB",4
"CHRP10337",66902236,10337,"BLP-RSYL","BLP-RSYL","PB",3.799999952
"CHRP10338",66902236,10338,"BRG-B8YJ","BRG-B8YJ","P",3.200000048
"CHRP10339",66902236,10339,"BLG-WCB7","BLG-WCB7","PB",4
"CHRP10340",66902236,10340,"BRG-B8YY","BRG-B8YY","PB",3.700000048
"CHRP10341",66902236,10341,"BRG-B8YX","BRG-B8YX","PB",3.599999905
"CHRP10342",66902236,10342,"BRG-B8YU","BRG-B8YU","P",2.900000095
"CHRP10343",66902236,10343,"BRG-B8YT","BRG-B8YT","PB",3.400000095
"CHRP10344",66902236,10344,"BRG-B8YS","BRG-B8YS","P",2.900000095
"CHRP10345",66902236,10345,"BRG-B8YP","BRG-B8YP","PB",3.5
"CHRP10346",66902236,10346,"BLP-RSYY","BLP-RSYY","P",3.299999952
"CHRP10347",66902236,10347,"BRG-B8YL","BRG-B8YL","PB",3.400000095
"CHRP10348",66902236,10348,"BLG-WCB8","BLG-WCB8","P",3
"CHRP10349",66902236,10349,"BRG-B8YH","BRG-B8YH","PB",3.900000095
"CHRP10350",66902236,10350,"BRG-B8YE","BRG-B8YE","H",5.599999905
"CHRP10351",66902236,10351,"BRG-B8YC","BRG-B8YC","P",2.900000095
"CHRP10353",66902236,10353,"BRG-B8Y9","BRG-B8Y9","PH",4.300000191
"CHRP10354",66902236,10354,"BRG-B8Y8","BRG-B8Y8","P",3.400000095
"CHRP10355",66902236,10355,"BRG-B8Y7","BRG-B8Y7","P",2.299999952
"CHRP10356",66902236,10356,"BRG-B8Y6","BRG-B8Y6","B",4.900000095
"CHRP10357",66902236,10357,"BRG-B8YN","BRG-B8YN","PB",4.199999809
"CHRP10362",66902246,10362,"BLG-WPRC","BLG-WPRC","P",3
"CHRP10363",66902246,10363,"BLG-WPRH","BLG-WPRH","B",5
"CHRP10364",66902246,10364,"BLG-WPRJ","BLG-WPRJ","PB",3.299999952
"CHRP10365",66902247,10365,"BLR-W1RN","BLR-W1RN","P",2.700000048
"CHRP10366",66902247,10366,"BLG-YACJ","BLG-YACJ","H",5
"CHRP10367",66902247,10367,"BRG-CLYA","BLG-YACL","B",4.900000095
"CHRP10368",66902247,10368,"BLG-YACN","BLG-YACN","B",5.400000095
"CHRP10369",66902247,10369,"BRG-CPYA","BLG-YACP","PB",4.599999905
"CHRP10371",66902247,10371,"BLG-YACU","BLG-YACU","PB",4
"CHRP10372",66902247,10372,"BRG-CXYA","BLG-YACX","B",5.199999809
"CHRP10373",66902247,10373,"BLG-YACY","BLG-YACY","P",2.700000048
"CHRP10374",66902247,10374,"BLG-YACH","BLG-YACH","P",2.700000048
"CHRP10375",66902247,10375,"BLR-W1RL","BLR-W1RL","B",5.900000095
"CHRP10376",66902247,10376,"BLG-YACA","BLG-YACA","PB",4.5
"CHRP10377",66902247,10377,"BLR-W1RP","BLR-W1RP","B",4.699999809
"CHRP10378",66902247,10378,"BLR-W1RS","BLR-W1RS","P",2.5
"CHRP10379",66902247,10379,"BLR-W1RT","BLR-W1RT","PB",4.400000095
"CHRP10380",66902247,10380,"BLR-W1RU","BLR-W1RU","PB",4.699999809
"CHRP10382",66902247,10382,"BLR-W1RA","BLR-W1RA","B",5.900000095
"CHRP10384",66902247,10384,"BLR-W1R0","BLR-W1R0","PB",5
"CHRP10386",66902247,10386,"BLR-W1R2","BLR-W1R2","PB",4.699999809
"CHRP10387",66902247,10387,"BLR-W1R4","BLR-W1R4","B",5.300000191
"CHRP10388",66902247,10388,"BLR-W1R6","BLR-W1R6","B",4.599999905
"CHRP10389",66902247,10389,"BLR-W1R7","BLR-W1R7","H",5.900000095
"CHRP10390",66902247,10390,"BRG-CEYA","BLG-YACE","PB",4.099999905
"CHRP10391",66902247,10391,"BLR-W1R9","BLR-W1R9","PB",4
"CHRP10393",66902247,10393,"BLR-W1RC","BLR-W1RC","B",5.300000191
"CHRP10394",66902247,10394,"BLR-W1RE","BLR-W1RE","PB",4.400000095
"CHRP10395",66902247,10395,"BLR-W1RH","BLR-W1RH","PB",4.599999905
"CHRP10396",66902247,10396,"BLR-W1RJ","BLR-W1RJ","B",5.5
"CHRP10397",66902247,10397,"BRG-C9YA","BLG-YAC9","PB",4.400000095
"CHRP10398",66902247,10398,"BLR-W1R5","BLR-W1R5","B",4.800000191
"CHRP10399",66902247,10399,"BLG-YACC","BLG-YACC","PB",4.199999809
"CHRP10401",66902247,10401,"BRR-CEW9","BRR-CEW9","PB",4.5
"CHRP10402",66902247,10402,"BRR-CEW0","BRR-CEW0","PB",3.799999952
"CHRP10403",66902247,10403,"BRR-CEW1","BRR-CEW1","B",5.099999905
"CHRP10405",66902247,10405,"BRR-CEW3","BRR-CEW3","PH",4.599999905
"CHRP10406",66902247,10406,"BRR-CEW4","BRR-CEW4","PB",4.199999809
"CHRP10407",66902247,10407,"BRR-CEW5","BRR-CEW5","PB",4.5
"CHRP10408",66902247,10408,"BRR-CEW6","BRR-CEW6","B",5.400000095
"CHRP10409",66902247,10409,"BLB-Y5CY","BLB-Y5CY","PB",4.300000191
"CHRP10410",66902247,10410,"BRR-CEW8","BRR-CEW8","PB",4.5
"CHRP10411",66902247,10411,"BRR-CEWE","BRR-CEWE","B",5
"CHRP10412",66902247,10412,"BRR-CEWA","BRR-CEWA","B",5.099999905
"CHRP10413",66902247,10413,"BRR-CEWC","BRR-CEWC","P",2.099999905
"CHRP10415",66902247,10415,"BRR-CEWL","BRR-CEWL","P",2.5
"CHRP10416",66902247,10416,"BRR-CEWN","BRR-CEWN","PB",4.800000191
"CHRP10418",66902247,10418,"BLR-W1R3","BLR-W1R3","P",3.099999905
"CHRP10419",66902247,10419,"BRR-CEWP","BRR-CEWP","PB",3.900000095
"CHRP10422",66902247,10422,"BLB-Y5C3","BLB-Y5C3","PB",3.5
"CHRP10423",66902247,10423,"BLB-Y5C4","BLB-Y5C4","PB",4.099999905
"CHRP10424",66902247,10424,"BRR-CEWJ","BRR-CEWJ","B",6.300000191
"CHRP10425",66902247,10425,"BLB-Y5CX","BLB-Y5CX","P",2
"CHRP10426",66902247,10426,"BLB-Y5C2","BLB-Y5C2","PB",3.599999905
"CHRP10427",66902247,10427,"BLB-Y5C5","BLB-Y5C5","B",4.699999809
"CHRP10428",66902247,10428,"BLB-Y5C6","BLB-Y5C6","PB",4.900000095
"CHRP10430",66902247,10430,"BLB-Y5C9","BLB-Y5C9","PB",4
"CHRP10432",66902247,10432,"BLB-Y5CU","BLB-Y5CU","PB",4.5
"CHRP10433",66902247,10433,"BLB-Y5CC","BLB-Y5CC","B",5.199999809
"CHRP10435",66902247,10435,"BLB-Y5CS","BLB-Y5CS","P",2
"CHRP10436",66902247,10436,"BLB-Y5CH","BLB-Y5CH","PB",4.099999905
"CHRP10437",66902247,10437,"BLB-Y5CJ","BLB-Y5CJ","PB",4.199999809
"CHRP10438",66902247,10438,"BLB-Y5CA","BLB-Y5CA","PH",4.199999809
"CHRP10439",66902247,10439,"BLB-Y5CP","BLB-Y5CP","B",5.099999905
"CHRP10440",66902247,10440,"BLB-Y5CN","BLB-Y5CN","B",5.599999905
"CHRP10441",66902248,10441,"BLY-RLY0","BLY-RLY0","P",3.5
"CHRP10443",66902248,10443,"BLP-R5Y0","BLP-R5Y0","PB",5
"CHRP10447",66902248,10447,"BLB-WUBU","BLB-WUBU","B",4.599999905
"CHRP10452",66902248,10452,"BRR-RYY1","BRR-RYY1","PB",4.400000095
"CHRP10453",66902248,10453,"BLB-WAGL","BLB-WAGL","H",6.300000191
"CHRP10454",66902248,10454,"BLB-WUBP","BLB-WUBP","PB",5.400000095
"CHRP10456",66902248,10456,"BLY-RLYN","BLY-RLYN","PH",4.800000191
"CHRP10457",66902248,10457,"BLY-RLY9","BLY-RLY9","B",5.5
"CHRP10459",66902248,10459,"BLY-RLY2","BLY-RLY2","B",5.800000191
"CHRP10460",66902248,10460,"BLY-RLYA","BLY-RLYA","PH",4.900000095
"CHRP10461",66902248,10461,"BLY-RLY8","BLY-RLY8","PB",3
"CHRP10462",66902248,10462,"BLY-RLY6","BLY-RLY6","PB",4
"CHRP10463",66902248,10463,"BLY-RLY5","BLY-RLY5","B",5.400000095
"CHRP10464",66902248,10464,"BLY-RLY4","BLY-RLY4","B",5.5
"CHRP10466",66902248,10466,"BLY-RLYJ","BLY-RLYJ","PB",4.599999905
"CHRP10467",66902248,10467,"BLB-WAG7","BLB-WAG7","B",5.5
"CHRP10468",66902248,10468,"BLB-WAGN","BLB-WAGN","B",6.300000191
"CHRP10469",66902248,10469,"BLB-WAGH","BLB-WAGH","B",5.099999905
"CHRP10470",66902248,10470,"BLB-WAGE","BLB-WAGE","H",6.300000191
"CHRP10471",66902248,10471,"BLB-WAGC","BLB-WAGC","PB",4.599999905
"CHRP10472",66902248,10472,"BLB-WAGA","BLB-WAGA","B",4.900000095
"CHRP10474",66902248,10474,"BLB-WAG8","BLB-WAG8","H",6.400000095
"CHRP10476",66902248,10476,"BLB-WAG6","BLB-WAG6","H",5.5
"CHRP10479",66902248,10479,"BLB-WAG2","BLB-WAG2","B",5.5
"CHRP10483",66902248,10483,"BLP-R5YP","BLP-R5YP","H",5.199999809
"CHRP10486",66902248,10486,"BLP-CSWX","BLP-CSWX","PB",5
"CHRP10487",66902248,10487,"BLP-CSWU","BLP-CSWU","PB",4.699999809
"CHRP10489",66902248,10489,"BLP-CSWS","BLP-CSWS","B",5.099999905
"CHRP10491",66902248,10491,"BLP-R5YT","BLP-R5YT","PB",4.599999905
"CHRP10492",66902248,10492,"BLB-WAGT","BLB-WAGT","P",3.099999905
"CHRP10493",66902248,10493,"BLY-RLYX","BLY-RLYX","B",5.599999905
"CHRP10496",66902248,10496,"BLB-WAGY","BLB-WAGY","H",5
"CHRP10499",66902248,10499,"BLP-R5YX","BLP-R5YX","PB",4.099999905
"CHRP10501",66902248,10501,"BLP-CSWE","BLP-CSWE","P",3.200000048
"CHRP10502",66902248,10502,"BLP-CSWC","BLP-CSWC","H",2.5
"CHRP10503",66902248,10503,"BLP-CSWA","BLP-CSWA","B",5
"CHRP10504",66902248,10504,"BLP-CSW9","BLP-CSW9","PB",4
"CHRP10506",66902248,10506,"BLB-WUB9","BLB-WUB9","B",5
"CHRP10507",66902248,10507,"BLP-CSW6","BLP-CSW6","P",2.700000048
"CHRP10508",66902248,10508,"BLP-CSWL","BLP-CSWL","B",5.300000191
"CHRP10510",66902248,10510,"BLB-WUBJ","BLB-WUBJ","B",5.099999905
"CHRP10511",66902248,10511,"BLB-WUBH","BLB-WUBH","B",4.900000095
"CHRP10512",66902248,10512,"BLB-WUBE","BLB-WUBE","H",6
"CHRP10515",66902248,10515,"BLP-CSW7","BLP-CSW7","PB",4.599999905
"CHRP10516",66902248,10516,"BLR-YTC5","BLR-YTC5","B",4.699999809
"CHRP10517",66902248,10517,"BLR-YTCN","BLR-YTCN","B",5.300000191
"CHRP10519",66902248,10519,"BLR-YTCC","BLR-YTCC","H",5.099999905
"CHRP10520",66902248,10520,"BLR-YTCA","BLR-YTCA","PB",4.800000191
"CHRP10521",66902248,10521,"BLR-YTC6","BLR-YTC6","PB",3.099999905
"CHRP10522",66902248,10522,"BLR-YTC8","BLR-YTC8","PB",4.699999809
"CHRP10523",66902248,10523,"BLP-CSWH","BLP-CSWH","B",5
"CHRP10526",66902248,10526,"BLR-YTC3","BLR-YTC3","B",5.300000191
"CHRP10527",66902248,10527,"BLR-YTC2","BLR-YTC2","PB",4.099999905
"CHRP10528",66902248,10528,"BLR-YTC0","BLR-YTC0","P",2.299999952
"CHRP10530",66902248,10530,"BLP-CSWN","BLP-CSWN","P",3
"CHRP10531",66902248,10531,"BLB-WUB8","BLB-WUB8","PB",4
"CHRP10534",66902248,10534,"BLP-R5Y6","BLP-R5Y6","PB",4.199999809
"CHRP10535",66902248,10535,"BLP-R5Y4","BLP-R5Y4","B",5.099999905
"CHRP10537",66902248,10537,"BLP-R5Y2","BLP-R5Y2","PB",4.900000095
"CHRP10538",66902248,10538,"BLP-R5Y1","BLP-R5Y1","PB",3.5
"CHRP10539",66902248,10539,"BLB-WUBA","BLB-WUBA","PB",4
"CHRP10540",66902248,10540,"BRR-RYYE","BRR-RYYE","PB",4.699999809
"CHRP10543",66902248,10543,"BRR-RYY9","BRR-RYY9","PB",3.299999952
"CHRP10545",66902248,10545,"BRR-RYY7","BRR-RYY7","PB",4.5
"CHRP10547",66902248,10547,"BRR-RYY5","BRR-RYY5","PB",4.400000095
"CHRP10550",66902248,10550,"BLB-WUB7","BLB-WUB7","B",5
"CHRP10552",66902248,10552,"BLB-WUB5","BLB-WUB5","PB",4.699999809
"CHRP10554",66902248,10554,"BLB-WUB3","BLB-WUB3","B",6
"CHRP10556",66902248,10556,"BLP-R5Y7","BLP-R5Y7","PB",4.199999809
"CHRP10557",66902248,10557,"BLB-WUB0","BLB-WUB0","B",5.699999809
"CHRP10558",66902248,10558,"BLP-R5Y8","BLP-R5Y8","PB",4.5
"CHRP10560",66902248,10560,"BLP-R5YH","BLP-R5YH","PB",5.099999905
"CHRP10562",66902248,10562,"BLP-R5YC","BLP-R5YC","PB",3.799999952
"CHRP10565",66902248,10565,"BLB-WUB1","BLB-WUB1","PB",3.400000095
"CHRP10566",66902249,10566,"BLR-OEG1","BLR-OEG1","PB",4.099999905
"CHRP10567",66902249,10567,"BRR-RYYL","BRR-RYYL","PB",3.900000095
"CHRP10568",66902249,10568,"BLR-OEGC","BLR-OEGC","PB",4.5
"CHRP10570",66902249,10570,"BLR-OEG9","BLR-OEG9","PB",4
"CHRP10571",66902249,10571,"BLR-OEG8","BLR-OEG8","PB",4.400000095
"CHRP10573",66902249,10573,"BLR-OEG5","BLR-OEG5","PB",4.5
"CHRP10574",66902249,10574,"BLR-OEG6","BLR-OEG6","P",3.299999952
"CHRP10575",66902249,10575,"BLR-OEGH","BLR-OEGH","PB",3.900000095
"CHRP10576",66902249,10576,"BLR-OEG3","BLR-OEG3","PB",3.700000048
"CHRP10577",66902249,10577,"BLR-OEGJ","BLR-OEGJ","B",4.699999809
"CHRP10578",66902249,10578,"BLR-OEG0","BLR-OEG0","P",3.099999905
"CHRP10579",66902249,10579,"BLG-W9RY","BLG-W9RY","PB",4.400000095
"CHRP10583",66902249,10583,"BLG-W9RS","BLG-W9RS","PB",3.900000095
"CHRP10586",66902249,10586,"BLR-OEG4","BLR-OEG4","P",3.099999905
"CHRP10588",66902249,10588,"BRR-C7OE","BRR-C7OE","PB",4.099999905
"CHRP10589",66902249,10589,"BRR-C7OC","BRR-C7OC","PB",4
"CHRP10591",66902249,10591,"BRR-C7O9","BRR-C7O9","P",3
"CHRP10592",66902249,10592,"BRR-C7O8","BRR-C7O8","P",3.200000048
"CHRP10594",66902249,10594,"BRR-C7O4","BRR-C7O4","PB",4
"CHRP10596",66902249,10596,"BLR-OEGE","BLR-OEGE","PB",3.700000048
"CHRP10598",66902249,10598,"BLG-W9RH","BLG-W9RH","B",4.400000095
"CHRP10599",66902249,10599,"BLR-OEGY","BLR-OEGY","P",3.099999905
"CHRP10601",66902249,10601,"BLR-OEGU","BLR-OEGU","PB",4.199999809
"CHRP10602",66902249,10602,"BLR-OEGT","BLR-OEGT","PB",4.400000095
"CHRP10603",66902249,10603,"BLR-OEGS","BLR-OEGS","P",3.200000048
"CHRP10604",66902249,10604,"BLR-OEGP","BLR-OEGP","P",3.200000048
"CHRP10606",66902249,10606,"BLR-OEGL","BLR-OEGL","PB",4
"CHRP10607",66902249,10607,"BRR-C7O2","BRR-C7O2","B",5.5
"CHRP10609",66902249,10609,"BLP-R9YH","BLP-R9YH","P",2.900000095
"CHRP10610",66902249,10610,"BLP-R9YE","BLP-R9YE","P",2.599999905
"CHRP10611",66902249,10611,"BLP-R9YC","BLP-R9YC","P",2.5
"CHRP10612",66902249,10612,"BLP-R9YA","BLP-R9YA","P",2.400000095
"CHRP10613",66902249,10613,"BLP-R9Y9","BLP-R9Y9","P",3.299999952
"CHRP10614",66902249,10614,"BLP-R9Y8","BLP-R9Y8","PB",4.099999905
"CHRP10615",66902249,10615,"BLP-R9Y7","BLP-R9Y7","P",2.799999952
"CHRP10616",66902249,10616,"BLP-R9Y6","BLP-R9Y6","PB",4.5
"CHRP10617",66902249,10617,"BLG-W9RL","BLG-W9RL","B",5.099999905
"CHRP10620",66902249,10620,"BLP-R9Y2","BLP-R9Y2","P",2.099999905
"CHRP10621",66902249,10621,"BLP-R9Y0","BLP-R9Y0","PB",3.5
"CHRP10623",66902249,10623,"BRR-RYYX","BRR-RYYX","B",5.699999809
"CHRP10624",66902249,10624,"BRR-RYYT","BRR-RYYT","PB",3.900000095
"CHRP10625",66902249,10625,"BRR-RYYS","BRR-RYYS","P",2.099999905
"CHRP10627",66902249,10627,"BRR-RYYN","BRR-RYYN","PB",3.799999952
"CHRP10628",66902249,10628,"BLP-R9Y5","BLP-R9Y5","P",2.400000095
"CHRP10629",66902249,10629,"BLG-W9R3","BLG-W9R3","PB",4.199999809
"CHRP10630",66902249,10630,"BRR-C7ON","BRR-C7ON","PB",4.599999905
"CHRP10631",66902249,10631,"BLG-W9RE","BLG-W9RE","B",5
"CHRP10632",66902249,10632,"BLG-W9RC","BLG-W9RC","P",3
"CHRP10633",66902249,10633,"BLG-W9RA","BLG-W9RA","B",4.800000191
"CHRP10634",66902249,10634,"BLG-W9R9","BLG-W9R9","PB",4.300000191
"CHRP10635",66902249,10635,"BLG-W9R8","BLG-W9R8","PB",4.599999905
"CHRP10636",66902249,10636,"BLG-W9R7","BLG-W9R7","PB",3.5
"CHRP10638",66902249,10638,"BLP-R9YJ","BLP-R9YJ","PB",3.5
"CHRP10639",66902249,10639,"BLG-W9R4","BLG-W9R4","B",5.199999809
"CHRP10640",66902249,10640,"BLP-R9YL","BLP-R9YL","P",3.099999905
"CHRP10641",66902249,10641,"BLG-W9R2","BLG-W9R2","B",5
"CHRP10642",66902249,10642,"BLG-W9R1","BLG-W9R1","P",2.900000095
"CHRP10643",66902249,10643,"BLG-W9R0","BLG-W9R0","PB",3.700000048
"CHRP10644",66902249,10644,"BLP-R9YY","BLP-R9YY","PB",3.599999905
"CHRP10645",66902249,10645,"BLP-R9YX","BLP-R9YX","P",3.200000048
"CHRP10646",66902249,10646,"BLP-R9YT","BLP-R9YT","PB",3.700000048
"CHRP10647",66902249,10647,"BLP-R9YS","BLP-R9YS","PB",3.299999952
"CHRP10648",66902249,10648,"BLP-R9YP","BLP-R9YP","P",2.799999952
"CHRP10649",66902249,10649,"BLG-W9RJ","BLG-W9RJ","B",5.099999905
"CHRP10650",66902249,10650,"BLG-W9R5","BLG-W9R5","P",3
"CHRP10651",66902249,10651,"BLG-YAC4","BLG-YAC4","PB",3.799999952
"CHRP10653",66902249,10653,"BLG-YAC8","BLG-YAC8","B",5.300000191
"CHRP10654",66902249,10654,"BLG-YAC7","BLG-YAC7","B",5.099999905
"CHRP10655",66902249,10655,"BLG-YAC5","BLG-YAC5","PB",4.199999809
"CHRP10656",66902249,10656,"BLG-YAC3","BLG-YAC3","P",3.099999905
"CHRP10657",66902249,10657,"BLG-YAC2","BLG-YAC2","P",2.5
"CHRP10658",66902249,10658,"BRR-C7OS","BRR-C7OS","P",2.599999905
"CHRP10659",66902249,10659,"BLG-YAC6","BLG-YAC6","H",5.300000191
"CHRP10660",66902249,10660,"BRR-C7OP","BRR-C7OP","P",2.900000095
"CHRP10661",66902249,10661,"BLG-YAC1","BLG-YAC1","B",5.699999809
"CHRP10663",66902249,10663,"BRR-C7OU","BRR-C7OU","P",3.200000048
"CHRP10664",66902249,10664,"BRR-C7OX","BRR-C7OX","PB",4
"CHRP10665",66902249,10665,"BLG-YAC0","BLG-YAC0","B",5.099999905
"CHRP10666",66902249,10666,"BRR-C7OH","BRR-C7OH","PB",3.599999905
"CHRP10667",66902250,10667,"BLY-G9Y0","BLY-G9Y0","B",4.699999809
"CHRP10668",66902250,10668,"BLY-G9Y3","BLY-G9Y3","PB",4
"CHRP10670",66902250,10670,"BLY-G9Y7","BLY-G9Y7","PB",3.5
"CHRP10673",66902250,10673,"BLY-G9Y2","BLY-G9Y2","PB",3.200000048
"CHRP10674",66902250,10674,"BLY-G9Y1","BLY-G9Y1","B",4.900000095
"CHRP10675",66902250,10675,"BLG-WPRY","BLG-WPRY","PB",3.5
"CHRP10677",66902250,10677,"BLG-WPRU","BLG-WPRU","PB",3.400000095
"CHRP10679",66902250,10679,"BLG-WPRS","BLG-WPRS","PB",3.799999952
"CHRP10680",66902250,10680,"BLG-WPRP","BLG-WPRP","PB",3.900000095
"CHRP10681",66902250,10681,"BLG-WPRN","BLG-WPRN","PB",3.400000095
"CHRP10685",66902251,10685,"BLR-W3B4","BLR-W3B4","P",2.799999952
"CHRP10687",66902251,10687,"BLR-W3B2","BLR-W3B2","PB",4.5
"CHRP10688",66902251,10688,"BLR-W3B1","BLR-W3B1","PB",3.5
"CHRP10689",66902251,10689,"BLR-W3B0","BLR-W3B0","PB",3.099999905
"CHRP10690",66902251,10690,"BRG-CSOY","BRG-CSOY","P",2.799999952
"CHRP10692",66902251,10692,"BRG-CSOU","BRG-CSOU","P",2.799999952
"CHRP10693",66902251,10693,"BRG-CSOS","BRG-CSOS","PB",4.199999809
"CHRP10694",66902251,10694,"BRG-CSOP","BRG-CSOP","PB",4.199999809
"CHRP10695",66902251,10695,"BRG-CSOX","BRG-CSOX","PB",3.200000048
"CHRP10696",66902251,10696,"BLR-W3B6","BLR-W3B6","P",2.700000048
"CHRP10697",66902251,10697,"BLR-W3B7","BLR-W3B7","PB",4.300000191
"CHRP10698",66902251,10698,"BLR-W3BN","BLR-W3BN","PB",3.200000048
"CHRP10702",66902251,10702,"BLR-W3BE","BLR-W3BE","P",2.799999952
"CHRP10705",66902251,10705,"BLR-W3BL","BLR-W3BL","PB",4.900000095
"CHRP10709",66902251,10709,"BRG-CSO1","BRG-CSO1","P",2.799999952
"CHRP10711",66902251,10711,"BLY-G9Y9","BLY-G9Y9","PB",3.299999952
"CHRP10712",66902251,10712,"BLY-G9YA","BLY-G9YA","B",5.900000095
"CHRP10713",66902251,10713,"BLY-G9YC","BLY-G9YC","PB",3.799999952
"CHRP10714",66902251,10714,"BLY-G9YE","BLY-G9YE","PB",3.599999905
"CHRP10715",66902251,10715,"BLY-G9YH","BLY-G9YH","P",2.799999952
"CHRP10717",66902251,10717,"BLY-G9YL","BLY-G9YL","P",3.400000095
"CHRP10718",66902251,10718,"BLY-G9YP","BLY-G9YP","P",3
"CHRP10719",66902251,10719,"BLY-G9YT","BLY-G9YT","P",2.799999952
"CHRP10721",66902251,10721,"BLY-G9YY","BLY-G9YY","PB",4.099999905
"CHRP10724",66902251,10724,"BRG-CSO3","BRG-CSO3","B",4.699999809
"CHRP10727",66902251,10727,"BRG-CSO7","BRG-CSO7","B",5
"CHRP10728",66902251,10728,"BRG-CSO8","BRG-CSO8","PB",3.799999952
"CHRP10730",66902251,10730,"BRG-CSOA","BRG-CSOA","PB",3.5
"CHRP10731",66902251,10731,"BRG-CSOC","BRG-CSOC","PB",3.700000048
"CHRP10732",66902251,10732,"BRG-CSOE","BRG-CSOE","PB",3.200000048
"CHRP10734",66902251,10734,"BLY-G9YX","BLY-G9YX","H",4.699999809
"CHRP10735",66902257,10735,"BLB-OXRH","BLB-OXRH","B",5
"CHRP10738",66902257,10738,"BRY-YNCU","BRY-YNCU","B",4.599999905
"CHRP10740",66902257,10740,"BLB-OXR0","BLB-OXR0","PB",3.099999905
"CHRP10742",66902257,10742,"BLB-OXRC","BLB-OXRC","PH",4.900000095
"CHRP10743",66902257,10743,"BLB-OXR3","BLB-OXR3","P",3.599999905
"CHRP10744",66902257,10744,"BLB-OXR6","BLB-OXR6","B",5.300000191
"CHRP10748",66902257,10748,"BRY-YNCN","BRY-YNCN","PB",3.799999952
"CHRP10749",66902257,10749,"BLB-OXR2","BLB-OXR2","H",5.400000095
"CHRP10751",66902257,10751,"BLB-OXR5","BLB-OXR5","P",2.400000095
"CHRP10752",66902257,10752,"BRY-YNCC","BRY-YNCC","P",2.299999952
"CHRP10753",66902257,10753,"BLB-OXR7","BLB-OXR7","PB",4.199999809
"CHRP10755",66902257,10755,"BLB-OXR9","BLB-OXR9","PH",4.599999905
"CHRP10756",66902257,10756,"BLB-OXRA","BLB-OXRA","PH",3.900000095
"CHRP10758",66902257,10758,"BLB-OXRJ","BLB-OXRJ","P",3.400000095
"CHRP10759",66902257,10759,"BLB-OXR4","BLB-OXR4","PB",4.400000095
"CHRP10760",66902257,10760,"BRY-YNC4","BRY-YNC4","P",2.900000095
"CHRP10761",66902257,10761,"BRG-BPYS","BRG-BPYS","PB",3.700000048
"CHRP10762",66902257,10762,"BRG-BPYT","BRG-BPYT","P",3
"CHRP10763",66902257,10763,"BRG-BPYX","BRG-BPYX","B",5.099999905
"CHRP10764",66902257,10764,"BRG-BPYY","BRG-BPYY","B",4.800000191
"CHRP10765",66902257,10765,"BRY-YNC0","BRY-YNC0","B",4.5
"CHRP10766",66902257,10766,"BRY-YNC1","BRY-YNC1","P",2.5
"CHRP10767",66902257,10767,"BRY-YNCH","BRY-YNCH","PB",3.599999905
"CHRP10768",66902257,10768,"BRY-YNC3","BRY-YNC3","PB",3.599999905
"CHRP10771",66902257,10771,"BRY-YNC6","BRY-YNC6","B",4.599999905
"CHRP10772",66902257,10772,"BRY-YNC7","BRY-YNC7","B",4.800000191
"CHRP10773",66902257,10773,"BRY-YNC8","BRY-YNC8","PB",4.199999809
"CHRP10774",66902257,10774,"BRY-YNC9","BRY-YNC9","PB",4.400000095
"CHRP10775",66902257,10775,"BRY-YNCA","BRY-YNCA","P",3
"CHRP10776",66902257,10776,"BRY-YNC2","BRY-YNC2","PH",4.099999905
"CHRP10777",66902257,10777,"BLR-O8R8","BLR-O8R8","P",2.700000048
"CHRP10778",66902257,10778,"BLR-O8R1","BLR-O8R1","PB",4.400000095
"CHRP10779",66902257,10779,"BLR-O8R2","BLR-O8R2","B",5.099999905
"CHRP10780",66902257,10780,"BLR-O8R3","BLR-O8R3","B",5.300000191
"CHRP10781",66902257,10781,"BLR-O8R4","BLR-O8R4","PB",4.699999809
"CHRP10782",66902257,10782,"BLR-O8R5","BLR-O8R5","P",2.5
"CHRP10783",66902257,10783,"BLR-O8R6","BLR-O8R6","P",2.5
"CHRP10784",66902257,10784,"BLB-OXRL","BLB-OXRL","H",5.400000095
"CHRP10786",66902257,10786,"BRR-CEWU","BRR-CEWU","P",2.599999905
"CHRP10788",66902257,10788,"BLR-O8RA","BLR-O8RA","P",3.099999905
"CHRP10789",66902257,10789,"BLR-O8RC","BLR-O8RC","PB",4.199999809
"CHRP10790",66902257,10790,"BLR-O8RE","BLR-O8RE","P",1.899999976
"CHRP10791",66902257,10791,"BLR-O8RH","BLR-O8RH","PB",4
"CHRP10792",66902257,10792,"BLR-O8RJ","BLR-O8RJ","PB",4.699999809
"CHRP10793",66902257,10793,"BLG-WPR2","BLG-WPR2","PB",4.599999905
"CHRP10794",66902257,10794,"BRG-BPYL","BRG-BPYL","PB",3.299999952
"CHRP10795",66902257,10795,"BLB-OXRS","BLB-OXRS","PB",4.599999905
"CHRP10796",66902257,10796,"BLB-OXRT","BLB-OXRT","PB",3.400000095
"CHRP10797",66902257,10797,"BLB-OXRU","BLB-OXRU","P",2.700000048
"CHRP10799",66902257,10799,"BLB-OXRY","BLB-OXRY","PH",4.599999905
"CHRP10800",66902257,10800,"BLR-O8R0","BLR-O8R0","P",3.299999952
"CHRP10802",66902257,10802,"BRR-CEWX","BRR-CEWX","H",5.300000191
"CHRP10805",66902257,10805,"BLG-WPR6","BLG-WPR6","P",2.400000095
"CHRP10806",66902257,10806,"BLG-WPR7","BLG-WPR7","P",2.700000048
"CHRP10807",66902257,10807,"BLG-WPR8","BLG-WPR8","P",2.5
"CHRP10808",66902257,10808,"BLG-WPR9","BLG-WPR9","PB",4.199999809
"CHRP10809",66902257,10809,"BLB-OXRN","BLB-OXRN","P",2.5
"CHRP10810",66902257,10810,"BLG-WPR0","BLG-WPR0","PB",3.5
"CHRP10811",66902257,10811,"BLR-O3G0","BLR-O3G0","P",2.099999905
"CHRP10812",66902257,10812,"BLR-O3GC","BLR-O3GC","P",2.200000048
"CHRP10814",66902257,10814,"BLR-O3G9","BLR-O3G9","PB",4.300000191
"CHRP10816",66902257,10816,"BLR-O3G7","BLR-O3G7","PB",3.900000095
"CHRP10817",66902257,10817,"BLR-O3G6","BLR-O3G6","PB",3.5
"CHRP10818",66902257,10818,"BLR-O3G5","BLR-O3G5","PB",3.599999905
"CHRP10819",66902257,10819,"BLR-O3G4","BLR-O3G4","P",2.700000048
"CHRP10820",66902257,10820,"BLR-O3G3","BLR-O3G3","PB",3.700000048
"CHRP10821",66902257,10821,"BLR-O3GE","BLR-O3GE","H",4.599999905
"CHRP10822",66902257,10822,"BRG-BPYJ","BRG-BPYJ","PH",4.800000191
"CHRP10823",66902257,10823,"BLR-O3G1","BLR-O3G1","H",4.5
"CHRP10825",66902257,10825,"BLR-O8RX","BLR-O8RX","PB",4.199999809
"CHRP10826",66902257,10826,"BLR-O8RU","BLR-O8RU","PB",3.900000095
"CHRP10827",66902257,10827,"BLR-O8RT","BLR-O8RT","PB",3.700000048
"CHRP10828",66902257,10828,"BLR-O8RS","BLR-O8RS","PB",3.599999905
"CHRP10829",66902257,10829,"BLR-O8RP","BLR-O8RP","PB",3.599999905
"CHRP10830",66902257,10830,"BLR-O8RN","BLR-O8RN","B",4.900000095
"CHRP10831",66902257,10831,"BLR-O8RL","BLR-O8RL","PB",4.400000095
"CHRP10832",66902257,10832,"BLR-O3G2","BLR-O3G2","PB",4.5
"CHRP10834",66902257,10834,"BLR-O8RY","BLR-O8RY","P",2.5
"CHRP10835",66902257,10835,"BLR-O3GH","BLR-O3GH","PB",3.900000095
"CHRP10838",66902257,10838,"BRG-BPYA","BRG-BPYA","B",5.099999905
"CHRP10839",66902257,10839,"BRG-BPY8","BRG-BPY8","P",2.299999952
"CHRP10843",66902257,10843,"BRG-BPY4","BRG-BPY4","B",5.099999905
"CHRP10844",66902257,10844,"BLR-O3GN","BLR-O3GN","PB",4.5
"CHRP10845",66902257,10845,"BLR-O3GJ","BLR-O3GJ","H",4.800000191
"CHRP10846",66902257,10846,"BRG-BPYC","BRG-BPYC","PB",3.599999905
"CHRP10848",66902257,10848,"BRG-BPY3","BRG-BPY3","PB",3.900000095
"CHRP10849",66902257,10849,"BLR-O3GP","BLR-O3GP","H",4.900000095
"CHRP10850",66902257,10850,"BLR-O3GS","BLR-O3GS","PB",4.599999905
"CHRP10855",66902257,10855,"BRG-BPY1","BRG-BPY1","PB",3.400000095
"CHRP10880",66902259,10880,"BRY-OTG4","BRY-OTG4","B",5
"CHRP10882",66902259,10882,"BLG-WJGX","BLG-WJGX","B",5.099999905
"CHRP10883",66902259,10883,"BLB-W2B6","BLB-W2B6","B",4.800000191
"STW2174",66902259,10884,"RG-LBGB","OB210B2","B",5.199999809
"CHRP10885",66902259,10885,"BLB-W2B4","BLB-W2B4","PB",4.400000095
"CHRP10886",66902259,10886,"BLB-W2B3","BLB-W2B3","B",5.199999809
"CHRP10887",66902259,10887,"BLB-W2B2","BLB-W2B2","B",5.199999809
"CHRP10888",66902259,10888,"BLB-W2B1","BLB-W2B1","PB",4.699999809
"CHRP10889",66902259,10889,"BLG-WJGE","BLG-WJGE","P",3
"CHRP10890",66902259,10890,"BLG-WJGY","BLG-WJGY","P",3.5
"CHRP10891",66902259,10891,"BLB-W2BA","BLB-W2BA","B",4.699999809
"CHRP10892",66902259,10892,"BLG-WJGU","BLG-WJGU","PB",4.300000191
"CHRP10893",66902259,10893,"BLG-WJGT","BLG-WJGT","B",5
"CHRP10896",66902259,10896,"BLG-WJGN","BLG-WJGN","B",5.300000191
"CHRP10897",66902259,10897,"BLG-WJGL","BLG-WJGL","PB",3.599999905
"CHRP10898",66902259,10898,"BLG-WJGJ","BLG-WJGJ","PB",4.699999809
"CHRP10899",66902259,10899,"BLG-WJGH","BLG-WJGH","H",5.5
"CHRP10900",66902259,10900,"BLB-W2B0","BLB-W2B0","PB",3.799999952
"CHRP10901",66902259,10901,"BLB-W2BS","BLB-W2BS","B",5.300000191
"CHRP10902",66902259,10902,"BLR-W3BS","BLR-W3BS","B",4.800000191
"CHRP10906",66902259,10906,"BRY-OTG0","BRY-OTG0","PB",4.599999905
"CHRP10907",66902259,10907,"BLR-W3BY","BLR-W3BY","PB",4.099999905
"CHRP10910",66902259,10910,"BLB-W2B8","BLB-W2B8","PB",4.400000095
"CHRP10911",66902259,10911,"BLB-W2BT","BLB-W2BT","B",4.699999809
"CHRP10912",66902259,10912,"BLB-W2B9","BLB-W2B9","PB",3.599999905
"CHRP10913",66902259,10913,"BLB-W2BP","BLB-W2BP","P",3.5
"CHRP10914",66902259,10914,"BLB-W2BN","BLB-W2BN","B",5.199999809
"CHRP10916",66902259,10916,"BLB-W2BJ","BLB-W2BJ","PB",4.300000191
"CHRP10917",66902259,10917,"BLB-W2BH","BLB-W2BH","B",4.900000095
"CHRP10918",66902259,10918,"BLB-W2BE","BLB-W2BE","PB",4.5
"CHRP10919",66902259,10919,"BLB-W2BC","BLB-W2BC","PB",4.300000191
"CHRP10920",66902259,10920,"BLB-W2B5","BLB-W2B5","PB",4.199999809
"CHRP10921",66902259,10921,"BLR-W3BP","BLR-W3BP","B",4.5
"CHRP10922",66902259,10922,"BRY-OTGE","BRY-OTGE","B",5
"CHRP10924",66902259,10924,"BRY-OTGA","BRY-OTGA","PB",4.300000191
"CHRP10925",66902259,10925,"BRY-OTG9","BRY-OTG9","PB",3.700000048
"CHRP10929",66902259,10929,"BRY-OTG5","BRY-OTG5","PH",4.800000191
"CHRP10930",66902259,10930,"BRY-OTGH","BRY-OTGH","B",5.400000095
"SSC36939",66902259,10932,"RW120Y1","RW120Y1","PB",4.599999905
"CHRP10933",66902259,10933,"BLG-WJGC","BLG-WJGC","PB",4.5
"CHRP10934",66902259,10934,"BLB-W2B7","BLB-W2B7","B",5.599999905
"CHRP10935",66902259,10935,"BLG-WJG9","BLG-WJG9","PB",4.599999905
"CHRP10936",66902259,10936,"BLR-W3BU","BLR-W3BU","PB",3.900000095
"CHRP10938",66902259,10938,"BLG-WJGA","BLG-WJGA","B",5.099999905
"CHRP10939",66902259,10939,"BLG-WJG8","BLG-WJG8","B",5
"CHRP10940",66902259,10940,"BLG-WJG7","BLG-WJG7","PB",4.599999905
"CHRP10941",66902259,10941,"BLG-WJG6","BLG-WJG6","PB",4.699999809
"CHRP10942",66902259,10942,"BLG-WJG5","BLG-WJG5","B",5.099999905
"CHRP10943",66902259,10943,"BLG-WJG4","BLG-WJG4","PB",4.199999809
"CHRP10944",66902259,10944,"BLG-WJG3","BLG-WJG3","PB",4.599999905
"CHRP10945",66902259,10945,"BLG-WJG2","BLG-WJG2","P",2.799999952
"CHRP10946",66902259,10946,"BRY-OTGP","BRY-OTGP","B",5.099999905
"CHRP10947",66902259,10947,"BLG-WJG0","BLG-WJG0","B",4.800000191
"CHRP10948",66902259,10948,"BRY-OTGY","BRY-OTGY","PB",4.5
"CHRP10949",66902259,10949,"BRY-OTGX","BRY-OTGX","PB",4.199999809
"CHRP10951",66902259,10951,"BRY-OTGT","BRY-OTGT","PB",4.599999905
"CHRP10952",66902259,10952,"BRY-OTGS","BRY-OTGS","B",5
"CHRP10954",66902259,10954,"BRY-OTGL","BRY-OTGL","P",3.400000095
"CHRP10955",66902259,10955,"BLG-WJG1","BLG-WJG1","PB",4.599999905
"CHRP10956",66902260,10956,"BLB-W8RL","BLB-W8RL","PB",4.400000095
"CHRP10957",66902260,10957,"BLB-W8RJ","BLB-W8RJ","B",4.900000095
"CHRP10958",66902260,10958,"BLB-W8RH","BLB-W8RH","PB",4.5
"CHRP10959",66902260,10959,"BLB-W8RE","BLB-W8RE","PB",4.199999809
"CHRP10962",66902260,10962,"BLB-W8RU","BLB-W8RU","B",5.699999809
"CHRP10963",66902260,10963,"BLB-W8R8","BLB-W8R8","P",3.099999905
"CHRP10964",66902260,10964,"BLB-W8RA","BLB-W8RA","B",5.099999905
"CHRP10965",66902260,10965,"BLB-W8RN","BLB-W8RN","H",5.400000095
"SSC1972",66902260,10966,"OB110G6","OB110G6","PB",3.799999952
"CHRP10967",66902260,10967,"BLB-W8RS","BLB-W8RS","PB",4.599999905
"CHRP10968",66902260,10968,"BLB-W8RX","BLB-W8RX","PB",4.599999905
"CHRP10969",66902260,10969,"BLB-W8RY","BLB-W8RY","PB",3.900000095
"CHRP10970",66902260,10970,"BLB-O0G0","BLB-O0G0","PB",4.800000191
"CHRP10971",66902260,10971,"BLB-W8R7","BLB-W8R7","PB",4.699999809
"CHRP10972",66902260,10972,"BLB-W8RP","BLB-W8RP","B",5.599999905
"CHRP10974",66902260,10974,"BLB-W8RT","BLB-W8RT","B",5.099999905
"SSC36628",66902260,10975,"RW120Y3","RW120Y3","PB",4.199999809
"CHRP10976",66902260,10976,"BLB-W2BU","BLB-W2BU","PB",4.599999905
"CHRP10977",66902260,10977,"BLB-W8R6","BLB-W8R6","PB",4.199999809
"CHRP10978",66902260,10978,"BLB-W2BY","BLB-W2BY","B",4.900000095
"CHRP10980",66902260,10980,"BLB-W8R1","BLB-W8R1","B",4.800000191
"CHRP10981",66902260,10981,"BLB-W8R2","BLB-W8R2","PB",4.099999905
"CHRP10982",66902260,10982,"BLB-W8R3","BLB-W8R3","PB",4.400000095
"CHRP10983",66902260,10983,"BLB-W8R4","BLB-W8R4","B",4.699999809
"CHRP10984",66902260,10984,"BLB-W8R5","BLB-W8R5","PB",3.900000095
